Nom cours,Discipline I,Discipline Ia,Description cours,Photo cours1,Photo cours2,Photo cours3,,"Filtrer la colonne K ""infocours1"" de la table 3 sur ""Cours intitulé"" afin de remettre les bons noms de cours",,,,,
Barre au sol,Cuisine,Danse,,,,,,,,,,,
Barre au sol contemporaine,Langues,Danse,,,,,,,,,,,
Danse classique,Professionnel,Danse,,,,,,,,,,,
Danse contemporaine,Technologies / Internet,Danse,,,,,,,,,,,
Cunningham,Arts,Danse,,,,,,,,,,,
Dancehall,Sports,Danse,,,,,,,,,,,
Hip Hop,Danse,Danse,"Issu des ghettos noirs américains, le Hip Hop repose sur un mélange de plusieurs techniques de danses (break, smurf, popping), la rotation et l’ondulation du corps.",,,,,,,,,,
Housedance,Danse,Danse,,,,,,,,,,,
Jazz,Danse,Danse,,,,,,,,,,,
Afro Tonic,Danse,Danse Fitness,,,,,,,,,,,
Boxe Tonic,Santé / Fitness,Danse Fitness,,,,,,,,,,,
Zumba®,Santé / Fitness,Danse Fitness,Cours ludique de danses latines et chorégraphies simples pour tonifier et remodeler son corps sur des rythmes caraïbéens.,,,,,,,,,,
Zumba® Party,Santé / Fitness,Danse Fitness,,,,,,,,,,,
Méthode Feldenkrais,Santé / Fitness,Relaxation / Gym douce,Corps et voix,,,,,,,,,,
Pilates,Santé / Fitness,Relaxation / Gym douce,,,,,,,,,,,
Assouplissement,Santé / Fitness,Relaxation / Gym douce,,,,,,,,,,,
Barre au sol,Danse,Danse,,,,,,,,,,,
Barre au sol classique,Danse,Danse,,,,,,,,,,,
Barre au sol contemporaine,Danse,Danse,,,,,,,,,,,
Barre au sol dynamique,Danse,Danse,,,,,,,,,,,
Barre au sol Jazz,Danse,Danse,,,,,,,,,,,
Break,Danse,Danse,,,,,,,,,,,
Cabaret Talons,Danse,Danse,,,,,,,,,,,
Chant,Danse,Chant,,,,,,,,,,,
Claquettes,Danse,Danse,,,,,,,,,,,
Classique,Danse,Danse,,,,,,,,,,,
Contemporaine,Danse,Danse,,,,,,,,,,,
Danse africaine,Danse,Danse,Un plongeon dans l’Afrique de l’Ouest et ses danses traditionnelles.,,,,,,,,,,
Danse d'Egypte,Danse,Danse,,,,,,,,,,,
Danse Espagnole,Danse,Danse,,,,,,,,,,,
Danse Orientale,Danse,Danse,"Travail technique et chorégraphique sur des musiques orientales actuelles et anciennes. Pour danser avec énergie, grâce et précision.",,,,,,,,,,
Flamenco,Danse,Danse,"D’origine gitane et andalouse, la gestuelle ancestrale du flamenco est codifiée par le claquement des pieds et des mains. La danse exalte l’expression des sentiments du couple souvent liée au thème de l’amour.",,,,,,,,,,
Hip Hop,Danse,Danse,,,,,,,,,,,
Hip Hop New Style,Danse,Danse,,,,,,,,,,,
House,Danse,Danse,,,,,,,,,,,
Jazz,Danse,Danse,,,,,,,,,,,
Jazz Rock,Danse,Danse,,,,,,,,,,,
Lyrical Jazz,Danse,Danse,,,,,,,,,,,
Méthode Feldenkrais,Santé / Fitness,Relaxation / Gym douce,,,,,,,,,,,
Mickaël Jackson,Danse,Danse,,,,,,,,,,,
Modern' Jazz,Danse,Danse,"Moyen d’expression très riche, le modern’ jazz enchaîne des pas chorégraphiés en maîtrisant harmonieusement les rythmes, les techniques et les musiques de styles divers.",,,,,,,,,,
Moderne,Danse,Danse,,,,,,,,,,,
NIA (Now I Am),Danse,Danse,"Vitalité, plaisir, relaxation ! Née aux Etats-Unis, il y a 30 ans, Nia®, Now I Am, est un art du mouvement basé sur l'écoute de ses sensations. Les mouvements s'inspirent des arts martiaux, de la danse et de la prise de conscience du corps, mêlant chorégraphies et expression libre. Il se pratique pieds nus dans une ambiance ludique, sur des musiques entraînantes et apaisantes, dans un esprit de non jugement, de non compétitition. Bouger et danser à son rythme ! Le Nia® permet de se libérer des tensions, du stress, de favoriser le lâcher-prise, de se revitaliser, de renforcer la joie de vivre. Le bien-être pour tous, débutants bienvenus !",,,,,,,,,,
Pilates,Santé / Fitness,Relaxation,,,,,,,,,,,
Ragga dance hall,Danse,Danse,,,,,,,,,,,
Ragga jam salsa,Danse,Danse,,,,,,,,,,,
Salsa,Danse,Danse,"Danse populaire de couple. Sensualité, énergie, rythme forment autant de pas à la rencontre de l’autre.. .en dansant.",,,,,,,,,,
Salsa Colombienne,Danse,Danse,,,,,,,,,,,
Street Jazz,Danse,Danse,"Venue tout droit des Etats-Unis, la danse Street jazz est à mi chemin entre la danse Jazz et la street danse. Elle conserve les techniques de la danse jazz et permet, en musique, une meilleure maîtrise du corps.",,,,,,,,,,
Street Jazz Talons,Danse,Danse,,,,,,,,,,,
Tango Argentin,Danse,Danse,,,,,,,,,,,
Technique Horton,Danse,Danse,http://www.youtube.com/watch?v=bjrwM3v9TIE,,,,,,,,,,
Voguing,Danse,Danse,,,,,,,,,,,
Yoga,Danse,Yoga,,,,,,,,,,,
Yoga Vinyasa,Danse,Yoga,,,,,,,,,,,
Funky jazz,Danse,Danse,,,,,,,,,,,
Comédie musicale,Comédie / théâtre,Comédie musicale,"Chant, danse et théâtre : les élèves participent à la mise en scène de numéros issus des plus grands spectacles musicaux français et internationaux. Travail technique pluridisciplinaire et mise en pratique immédiate sont au programme.",,,,,,,,,,
Comédie,Comédie / théâtre,Comédie,,,,,,,,,,,
Chorale,Chant,Chorale,,,,,,,,,,,
Vocal training,Chant,Entraînement vocal,"Entrainement vocal collectif basé sur l’écoute. Approches physiologiques de la voix, respiration, souffle, posture, résonateurs etc.",,,,,,,,,,
Formation musicale,Musique,Solfège,"Solfège, harmonie, rythme appliqués aux besoins spécifiques du chanteu",,,,,,,,,,
Contexte professionnel,Arts et Sciences,Culture artistique,Etude du secteur socioprofessionnelle de la chanson et des droits de l’artiste,,,,,,,,,,
Culture musicale,Arts et Sciences,Culture artistique,"Etude des différents styles musicaux et courants des musiques actuelles, histoire de la chanson",,,,,,,,,,
Polyrythmie,Chant,Entraînement vocal,Travail polyrythmique pour chanteur,,,,,,,,,,
Polyphonie,Chant,Chant,Chant polyphonique,,,,,,,,,,
Ministages,Comédie / théâtre,Impro,Approche de l’improvisation chantée ,,,,,,,,,,
Chanter en scène,Chant,Voix & scène,Atelier d'interprétation scénique avec un musicien,,,,,,,,,,
Expression vocale,Chant,Voix & scène,Atelier de technique vocale appliquée à la chanson,,,,,,,,,,
Parole en chanson !,Chant,Ecriture,Atelier d'écriture de textes de chansons,,,,,,,,,,
Faites du bruit,Chant,Chant,"Pour les 13/17 ans, chanter, explorer sa voix, jouer en groupe, créer, enregistrer..",,,,,,,,,,
Mini-tour de chant,Chant,Chant,Travail scénique et vocal pour l'élaboration d'un mini tour de chant,,,,,,,,,,
Expression vocale & scène,Chant,Voix & scène,Atelier de technique vocale et d'interprétation,,,,,,,,,,
Voix et scène,Chant,Voix & scène,Atelier de technique vocale et d'interprétation,,,,,,,,,,
Voix et scène pro,Chant,Voix & scène,Expression scénique avec un musicien et travail vocal,,,,,,,,,,
"Chanter : le corps, la voix, etc.",Chant,Voix & scène,"Mieux connaître son instrument, le corps, pour trouver sa voix(e) dans l'interprétation !",,,,,,,,,,
Projet de scène,Chant,Voix & scène,Création et représentation d'un tour de chant,,,,,,,,,,
"Une voie, la voie épanouie",Chant,Voix & scène,Expression vocale en lien avec le travail corporel et l'interprétation,,,,,,,,,,
Voix musiques actuelles,Chant,Chant,Expression vocale autour de différents styles des musiques actuelles,,,,,,,,,,
Perfectionnement voix,Danse,Chant,"Perfectionner sa technique et sa pratique vocale en groupe très restreint : relaxation, souffle, jeux vocaux… multiplier les possibilités de votre voix.",,,,,,,,,,
Perfectionnement scène,Danse,Chant,Perfectionner sa technique et sa pratique scénique en groupe très restreint,,,,,,,,,,
Chanter et s'accompagner au piano,Danse,Chant,Se constituer un répertoire varié et l'interpréter en s'accompagnant au piano,,,,,,,,,,
Chanter et s'accompagner à la guitare,Danse,Chant,Se constituer un répertoire varié et l'interpréter en s'accompagnant à la guitare,,,,,,,,,,
Chanter et s'accompagner à l'accordéon,Danse,Chant,Se constituer un répertoire varié et l'interpréter en s'accompagnant à l'accordéon,,,,,,,,,,
Coaching individuel,Danse,Chant,"Un coaching individuel sur mesure, dans la discipline de son choix, selon son besoin de formation",,,,,,,,,,
Chanter avec un orchestre,Danse,Chant,,,,,,,,,,,
Music n' Groove,Danse,Chant,,,,,,,,,,,
Dessin-peinture,Danse,Dessin,"Découvrez les différentes techniques de dessin : crayon, fusain, pastel, aquarelle, perspective, encre, composition, proportion, construction, exercices d’observation, connaissance et utilisation des couleurs, nature morte.",,,,,,,,,,
Bande dessinée,Danse,Dessin,,,,,,,,,,,
Eveil théâtral,Danse,Théâtre,,,,,,,,,,,
Eveil musical,Danse,Musique,,,,,,,,,,,
Accordéon diatonique (portugais),Danse,Musique,"Différents cours d'instruments peuvent vous être proposés en différentes langues, les professeurs enseignant dans leur langue maternelle. Ces cours peuvent s'adresser soit à des personnes souhaitant apprendre la musique dans leur langue ou à tous ceux désirant améliorer leur apprentissage de la langue.",,,,,,,,,,
Batterie (anglais),Danse,Musique,"Différents cours d'instruments peuvent vous être proposés en différentes langues, les professeurs enseignant dans leur langue maternelle. Ces cours peuvent s'adresser soit à des personnes souhaitant apprendre la musique dans leur langue ou à tous ceux désirant améliorer leur apprentissage de la langue.",,,,,,,,,,
"Clarinette (chinois, espagnol)",Danse,Musique,"Différents cours d'instruments peuvent vous être proposés en différentes langues, les professeurs enseignant dans leur langue maternelle. Ces cours peuvent s'adresser soit à des personnes souhaitant apprendre la musique dans leur langue ou à tous ceux désirant améliorer leur apprentissage de la langue.",,,,,,,,,,
Flûte à bec (espagnol)`,Danse,Musique,"Différents cours d'instruments peuvent vous être proposés en différentes langues, les professeurs enseignant dans leur langue maternelle. Ces cours peuvent s'adresser soit à des personnes souhaitant apprendre la musique dans leur langue ou à tous ceux désirant améliorer leur apprentissage de la langue.",,,,,,,,,,
"Flûte traversière (italien, russe, coréen)",Danse,Musique,"Différents cours d'instruments peuvent vous être proposés en différentes langues, les professeurs enseignant dans leur langue maternelle. Ces cours peuvent s'adresser soit à des personnes souhaitant apprendre la musique dans leur langue ou à tous ceux désirant améliorer leur apprentissage de la langue.",,,,,,,,,,
"Guitare (anglais, portugais, russe, bulgare, espagnol, serbe)",Danse,Musique,"Différents cours d'instruments peuvent vous être proposés en différentes langues, les professeurs enseignant dans leur langue maternelle. Ces cours peuvent s'adresser soit à des personnes souhaitant apprendre la musique dans leur langue ou à tous ceux désirant améliorer leur apprentissage de la langue.",,,,,,,,,,
"Harpe (anglais, espagnol, serbe)",Danse,Musique,"Différents cours d'instruments peuvent vous être proposés en différentes langues, les professeurs enseignant dans leur langue maternelle. Ces cours peuvent s'adresser soit à des personnes souhaitant apprendre la musique dans leur langue ou à tous ceux désirant améliorer leur apprentissage de la langue.",,,,,,,,,,
Luth (russe),Danse,Musique,"Différents cours d'instruments peuvent vous être proposés en différentes langues, les professeurs enseignant dans leur langue maternelle. Ces cours peuvent s'adresser soit à des personnes souhaitant apprendre la musique dans leur langue ou à tous ceux désirant améliorer leur apprentissage de la langue.",,,,,,,,,,
"Piano (espagnol, russe)",Danse,Musique,"Différents cours d'instruments peuvent vous être proposés en différentes langues, les professeurs enseignant dans leur langue maternelle. Ces cours peuvent s'adresser soit à des personnes souhaitant apprendre la musique dans leur langue ou à tous ceux désirant améliorer leur apprentissage de la langue.",,,,,,,,,,
Saxophone (portugais),Danse,Musique,"Différents cours d'instruments peuvent vous être proposés en différentes langues, les professeurs enseignant dans leur langue maternelle. Ces cours peuvent s'adresser soit à des personnes souhaitant apprendre la musique dans leur langue ou à tous ceux désirant améliorer leur apprentissage de la langue.",Saxophone,,,,,,,,,
"Violon (italien, espagnol, serbe)",Danse,Musique,"Différents cours d'instruments peuvent vous être proposés en différentes langues, les professeurs enseignant dans leur langue maternelle. Ces cours peuvent s'adresser soit à des personnes souhaitant apprendre la musique dans leur langue ou à tous ceux désirant améliorer leur apprentissage de la langue.",,,,,,,,,,
"Violoncelle (anglais, espagnol)",Danse,Musique,"Différents cours d'instruments peuvent vous être proposés en différentes langues, les professeurs enseignant dans leur langue maternelle. Ces cours peuvent s'adresser soit à des personnes souhaitant apprendre la musique dans leur langue ou à tous ceux désirant améliorer leur apprentissage de la langue.",Violoncelle,,,,,,,,,
Tout instrument,Danse,Musique,"Musique classique (chant, piano, guitare, harpe, flûte traversière, clarinette, hautbois, saxophone, trombone, trompette, accordéon chromatique, violon, alto, violoncelle, contrebasse), musique ancienne (flûte à bec, clavecin, viole de gambe, luth, etc.), Jazz / roc / variété (batterie, piano, guitare, basse, contrebasse, saxophone, flûte traversière, chant, etc.), musiques du monde (chant-variété, guitare d'accompagnement, flûte traversière, guitare flamenca, accordéon diatonique, percussions, etc.)",,,,,,,,,,
Chant,Danse,Chant,,,,,,,,,,,
Art lyrique,Danse,Chant,,,,,,,,,,,
Solfège,Danse,Musique,,,,,,,,,,,
Solfège chanteur,Danse,Musique,,,,,,,,,,,
Analyse musicale,Danse,Musique,"En parcourant l'histoire de la musique, le cours comprend une initiation à l'analyse harmonique et l'étude des différentes formes et structures du langage musical.",,,,,,,,,,
Ecriture musicale,Danse,Musique,"Ce cours s'adresse à tous ceux qui ont envie de composer de la musique, mais aussi à ceux qui souhaitent en comprendre le fonctionnement dans le détail.",,,,,,,,,,
Harmonie jazz,Danse,Musique,"Ce cours s’adresse tout particulièrement aux instrumentistes et chanteurs désirant aborder et approfondir les codes harmoniques, mélodiques, rythmiques et culturels du répertoire jazz et des musiques actuelles.",,,,,,,,,,
Musique de chambre,Danse,Musique,"Les groupes sont constitués selon les instruments et les niveaux de chacun. Ce cours réunit des élèves, pratiquant des instruments différents et ayant acquis une petite autonomie technique, qui désirent faire de la musique sous la direction d'un professeur spécialisé.",,,,,,,,,,
Saxophone : ensemble (instrumental ou vocal),Danse,Musique,"Après 2 ou 3 années de travail en soliste, les élèves d'un même cours d'instrument peuvent avec leur professeur habituel et sous son impulsion former duos, trios ou quatuors et chaque semaine se retrouver pour jouer régulièrement ensemble.",,,,,,,,,,
Violoncelle : ensemble (instrumental ou vocal),Danse,Musique,"Après 2 ou 3 années de travail en soliste, les élèves d'un même cours d'instrument peuvent avec leur professeur habituel et sous son impulsion former duos, trios ou quatuors et chaque semaine se retrouver pour jouer régulièrement ensemble.",,,,,,,,,,
Jazz instrument,Danse,Musique,"Les aspects les plus complets du jazz – harmonie (grilles, gammes, accords...), improvisation, histoire du jazz (et ses grands noms) – seront abordés en s'appuyant sur une pratique intensive et collective de votre instrument.",,,,,,,,,,
Percussions,Danse,Musique,"Musiques du monde : Afrique, Amérique du Sud…",,,,,,,,,,
Gymnastique Chinoise,Danse,Sport,,,,,,,,,,,
Gymnastique entretien,Danse,Sport,,,,,,,,,,,
Gymnastique,Danse,Sport,,,,,,,,,,,
Hatha Yoga,Danse,Relaxation,"Discipline indienne millénaire et art de vivre qui s’adresse à tous. Le Hatha Yoga développe la force, la souplesse et l’équilibre tout en procurant un sentiment général de bien-être.",,,,,,,,,,
Tennis de Table,Danse,Sport,,,,,,,,,,,
Capoeira,Danse,Danse,"Entre art martial et danse africaine, plus qu'un jeu de jambes, ce sport national brésilien véhicule les valeurs de solidarité, d'amitié, d'humilité et de joie de vivre ainsi que l'histoire de la libéraiton du peuple brésilien.",,,,,,,,,,
Rythmique,Danse,Danse,,,,,,,,,,,
Escrime,Danse,Sport,,,,,,,,,,,
Eveil aquatique,Danse,Sport,,,,,,,,,,,
LIA (Low Impact Aerobic),Danse,Fitness,,,,,,,,,,,
Travail de textes,Danse,Théâtre,,,,,,,,,,,
Danse éveil,Danse,Danse,"C'est un cours d'éveil corporel à la danse, aux mouvements et à la musique. Basé sur des exercices jouant sur l'imaginaire, sur l'espace proche et lointain, et surtout basé sur la découverte de son corps en mouvements dansés. Le cours s’accompagne de jeu d’écoute, d’improvisation, de relaxation pour privilégier son expression. Ludique et en musique, cette activité sensibilisera votre enfant à la danse, au rythme et aux mouvements.",,,,,,,,,,
Danse initiation,Danse,Danse,"Si l'éveil est une période d'accumulation d'éléments fondateurs, l'initiation conduit à une structuration du corps qui se situe dans l'espace, le temps, et avec ses dynamiques.",,,,,,,,,,
Baby Dance,Danse,Danse,"L'objectif de ce cours est l'épanouissement corporel des enfants au sein d'un groupe. Il s'agit de mobiliser leur élan physique spontané, pour les encourager à découvrir de nouvelles possibilités de mouvement; au moyen de jeux de rythme, d'expression, d'écoute...",,,,,,,,,,
Hip Hop Latino,Danse,Danse,Zumba influences Hip Hop.,,,,,,,,,,
Atelier Musical,Danse,,,,,,,,,,,,
Salsa portoricaine (spécial Lady Styling Salsa),Danse,,"La lady styling salsa est une danse axée sur le bouger, la féminité et la sensualité. C'est une fusion entre le jazz, la salsa et d'autres danses.",,,,,,,,,,
Hip Hop (spécial Waacking),Danse,,"Comme le locking, le wacking insiste sur les expressions ou caractères et le jeu sur les accents de la musique. Le lofting, lui est un style de danse jazz et technique au sol.",,,,,,,,,,
Atelier d'Art : illustration et recyclage,Danse,Art,,,,,,,,,,,
Wu Dao,Danse,Art martial,"Maitrise du corps et de l'esprit, respiration, équilibre, assouplissement, self défense, armes.
Une discipline physique pour transpirer, se dépasser, se perfectionner, se rencontrer mais aussi pour atteindre la sérénité. ",,,,,,,,,,
Eveil musical,Danse,Atelier parents-nourrisson,,,,,,,,,,,
Flûte à bec,Danse,Musique,"Facile à apprendre, à emporter, à jouer en groupe, la flûte à bec est l'instrument idéal pour les jeunes enfants. Elle ouvre aussi tout le répertoire baroque et se décline sous ses différentes formes : flûte soprano, alto, ténor, basse, piccolo, flageolet, mélodica, etc.",,,,,,,,,,
Ensembles instrumentaux,Danse,Musique,"Les cours d'ensemble permettent de mettre en pratique l'apprentissage de cours particuliers, de fréquenter d'autres instruments et instrumentalistes, et de découvrir d'autres répertoires. La musique d'ensemble est souvent source de plaisir et de progrès.",,,,,,,,,,
Atelier de musique actuelle,Danse,,"Atelier de découverte et de pratique de musique jazz, rock, funk, soul, reggae, etc.",,,,,,,,,,
Le déchiffrage,Danse,Musique,"Comment aborder une partition inconnue et… s'en sortir le mieux possible pour une première lecture. A l'instrument ou à la voix, le déchiffrage est indispensable à la formation du musicien. Un cours pour développer la lecture à vue et les réflexes, accompagné au piano. En outre, ce cours permet de découvrir un large éventail de répertoires de musiques.",Chant,,,,,,,,,
Harmonie jazz,Danse,Musique,"Ce cours théorique permet d'approfondir les codes harmoniques, mélodiques, rythmiques et culturels du répertoire jazz et musiques actuelles.",,,,,,,,,,
Biodanza,Danse,Relaxation,"La Biodanza (éthymologiquement : ""Danse de la Vie"") est un chemin d'épanouissement et de réhabilitation existentielle de l'être humain basé sur le plaisir, la musique, la danse, et des situations dansées de rencontre au sein d'un groupe bienveillant. La Biodanza est accessible à tous : aucune connaissance de la danse ou aptitude physique particulière n'est requise. Sa méthodologie, précise et progressive, propose des danses simples (seul, à 2, en groupe, etc.) que l'on réalise à partir du mouvement naissant de l'unité musique / émotion, et de quelques consignes. Dans un plein vécu de l'instant présent, où l'on respecte ses possibilités de l'instant. ",,,,,,,,,,
Set Dancing (quadrilles),Danse,,"Le set dancing est la forme de danse la plus populaire en Irlande. Elle se danse lors des bals (les Ceili) ou dans les pubs (lorsqu’il y a de la place !). Danse de quadrille, le set dancing se danse par groupes de 4 couples se faisant face.",,,,,,,,,,
Step Dancing Moderne (danse solo),Danse,,"Le step dancing est la forme moderne de la danse irlandaise. Dansé le corps droit, le step peut se pratiquer en soft shoes (ballerines) ou en hard shoes (claquettes).",,,,,,,,,,
Step Dancing Old Style,Danse,,Ce cours enseigne la forme ancienne du step dancing irlandais à des débutants. Il est composé de 6 cours d’une heure répartis dans l’année. Un stage de fin d’année le complètera.,,,,,,,,,,
Tin Whistle,Danse,,"Ce cours travail de l’embouchure, le son, l’ornementation, ainsi que le répertoire irlandais",,,,,,,,,,
Fiddle (violon),Danse,,,,,,,,,,,,
"Flûte (traversière en bois, musique irlandaise)",Danse,,,,,,,,,,,,
Bodhrán (percussion irlandaise),Danse,,"Le cours donne les bases puis certaines subtilités d’utilisation de l’instrument, et surtout aborde son approche traditionnelle de l’accompagnement en général. Celle-ci est assez originale pour permettre rapidement d’utiliser le bodhran de façon personnelle, pour le répertoire de son choix.",,,,,,,,,,
Guitare (musique irlandaise),Danse,,"Le cours donne les bases puis certaines subtilités d’utilisation de l’instrument, et surtout aborde son approche traditionnelle de l’accompagnement en général. Celle-ci est assez originale pour permettre rapidement d’utiliser le bodhran de façon personnelle, pour le répertoire de son choix.",,,,,,,,,,
Bouzouki (musique irlandaise),Danse,,"Le cours de guitare / bouzouki traite de la construction harmonique et bien sûr de la rythmique adaptée aux différents styles, l’ambition étant de développer le style personnel de chacun.",,,,,,,,,,
Accordéon (musique irlandaise),Danse,,,,,,,,,,,,
Banjo / Mandoline (musique irlandaise),Danse,,"Cet atelier est destiné aux débutants et aux avancés. A travers le répertoire traditionnel, il aborde les techniques fondamentales des instruments à plectres (mandoline, mandole banjo, bouzouki) accordés en GDAE, dans le but d’apprendre à jouer les mélodies dans le style traditionnel (rythme, accentuation, ornementations, etc.). Certains éléments d’accompagnements peuvent être abordés.",,,,,,,,,,
Musique d’ensemble (Atelier de Musique Irlandaise),Danse,,"C’est un atelier dont le but est d’apprendre un peu de répertoire, et surtout à le jouer correctement ensemble, que ce soit dans l’esprit d’une session (style, enchaînements, accompagnement cohérent) ou d’arrangements un peu plus élaborés.",,,,,,,,,,
Uilleann Pipes (cornemuse irlandaise),Danse,,,,,,,,,,,,
Aquarelle,Danse,,,,,,,,,,,,
Arts du cirque,Danse,,"À travers une rencontre ludique avec les différentes disciplines du cirque : jonglage, manipulation d’objets, acrobatie, portés, équilibre sur objets et clown. Explorer son corps et développer son habileté, prendre confiance en soi, apprendre à montrer et à regarder l’autre.",,,,,,,,,,
Arts plastiques,Danse,,"Saisir la complexité du réel exige d’éduquer le regard. Dans cet atelier, le but est de développer son imaginaire tout en acquérant les connaissances techniques du dessin et de la couleur.",,,,,,,,,,
Atelier DJ,Danse,,"Apprentissage de l’art du Mix et du Scratch. Tous styles : techno, house, électro et hip hop.",,,,,,,,,,
AVCI Wing Tsun,Danse,,"D’origine chinoise, cet art martial est un concept d’auto-défense réaliste, efficace et fonctionnel. Il renforce nos capacités de défense naturelles et instinctives.",,,,,,,,,,
Calligraphie,Danse,,"Apprenez à manier la plume et faites connaissance avec les différents styles calligraphiques d’origine occidentale et arabe ainsi que l’enluminure. Cet atelier vous permettra de dessiner des lettres, des mots, des phrases puis des tableaux avec un matériel simple : plume pointue, plume à bout plat, calam, encre, peinture, etc.",,,,,,,,,,
Chorale pop-up,Danse,,"Chorale simple harmonisant des tubes choisis, en anglais et français, accompagnés à la guitare. Répertoire pop : un peu de rock, un peu de variété, un peu de disco,
de rythm’n blues, etc.",,,,,,,,,,
Danse de société,Danse,,"Apprenez et venez danser la valse, le tango, le cha-cha-cha, le paso-doble, le Rock & roll et la rumba tout en partageant le plaisir de danser en couple.",,,,,,,,,,
Danse Sévillane,Danse,,"Voyager au cœur de Séville au rythme de sa danse colorée et pleine de soleil. La Sévillane se danse à deux, seul ou bien en groupe.",,,,,,,,,,
Encadrement,Danse,,"Tradition et création : maîtrise de toutes les techniques, des formes, des couleurs, etc. Réalisation d’encadrement sous verre, biseaux, boîtages, tableau à hausse, lavis, pêle-mêle, encollage de tissus, etc.",,,,,,,,,,
Eveil musical,Danse,,,,,,,,,,,,
Eveil sportif,Danse,,Exercices ludiques et variés pour éveiller l’enfant dans son rapport avec son corps et son environnement.,,,,,,,,,,
Gemmologie,Danse,,"À l’aide d’instruments de base, apprendre à reconnaître des pierres naturelles et les différencier des imitations et synthèses les plus courantes.",,,,,,,,,,
Groupe vocal,Danse,,,,,,,,,,,,
Gym forme,Danse,,,,,,,,,,,,
Gymnastique rythmique,Danse,,"Activité sportive mêlée à la danse. Elle fait appel à la manipulation de cerceaux, rubans, massues et ballons.",,,,,,,,,,
Danse indienne (Bollywood),Danse,,"La danse indienne Bollywood est ludique et très festive. Plusieurs chorégraphies sont apprises dans l’année permettant de développer la coordination, l’équilibre, le rythme et les expressions du visage.",,,,,,,,,,
Italien,Danse,,,,,,,,,,,,
Judo,Danse,,,,,,,,,,,,
Judo et Jujitsu,Danse,,,,,,,,,,,,
Jujitsu,Danse,,,,,,,,,,,,
Jujitsu Brésilien,Danse,,,,,,,,,,,,
Latin jazz,Danse,,"La danse jazz est riche en influences. Symbiose à la base de deux traditions, africaine et américaine. La danse jazz est une danse qui s’est nourrie  au cours du temps d’une palette de styles très variés : le ballet classique, la danse moderne, contemporaine, éthique, de société, et danse théâtrale, etc.",,,,,,,,,,
Modelage,Danse,,,,,,,,,,,,
Modern jazz,Danse,,"Moyen d’expression très riche, le modern jazz enchaîne des pas chorégraphiés en maîtrisant harmonieusement les rythmes, les techniques et les musiques de styles divers.",,,,,,,,,,
Percussions,Danse,,,,,,,,,,,,
Photo numérique,Danse,,"De la prise de vue à l’impression sur papier. Travail de la lumière, le cadrage et les techniques de la photographie.",,,,,,,,,,
Sport chanbara,Danse,,,,,,,,,,,,
Stand Up,Danse,,Vous voulez faire de l’humour ? Venez découvrir et développer votre créativité sur scène.,,,,,,,,,,
Stretching,Danse,,"Étirements musculaires, travail de l’élasticité des muscles et la mobilité des articulations. Il permet également d’évacuer le stress.",,,,,,,,,,
Taekwondo,Danse,,"Un sport et art martial d’origine sud-coréenne, plein d’énergie, de contrôle et de vitalité. Il utilise la technique des pieds et des poings.",,,,,,,,,,
Tai chi chuan,Danse,,"D’origine chinoise, le Tai Chi Chuan favorise l’écoute du corps, l’observation et le lâcher prise. Il se compose d’un enchaînement lent, calme, et harmonieux des gestes.",,,,,,,,,,
Taïso self défense,Danse,,,,,,,,,,,,
Improvisation,Danse,,"Entre sport et théâtre, le match d’improvisation est une nouvelle façon d’aborder la scène. Stimulant et ludique pour toutes les personnes qui souhaitent développer leurs talents d’artiste sur scène. L’apprentissage du jeu théâtral se fait par des jeux dynamiques permettant de développer la créativité et l’expression orale et corporelle.",,,,,,,,,,
Théâtre,Danse,,"Etre à l’écoute de soi, de l’autre, libérer ses émotions, jouer avec, se détendre, inventer,
imaginer avec la découverte des textes, etc. Différentes techniques d’expression orales, respiration, voix, utilisation de l’espace, rythme, diction, improvisation et masques sont abordées et développées dans ces cours et se poursuivent dans la plupart des structures d'enseignement jusqu’à la création d’un spectacle.",,,,,,,,,,
Couture,Danse,,"Une autre manière d’appréhender la « mode », à travers la mise en œuvre de sa propre capacité créatrice. Au gré de votre fantaisie, créez « vos patrons », « vos modèles », apprenez à transformer, recycler vos vêtements.",,,,,,,,,,
Abdos cuisses fessiers,Danse,,"Sollicitation en profondeur de la sangle abdominale et des muscles fessiers, ciblant en particulier les cuisses, la culotte de cheval, les hanches, le ventre et la taille.",,,,,,,,,,
Fitness,Danse,,"Travail de renforcement musculaire et d’assouplissement. Idéal pour acquérir, entretenir ou améliorer un certain niveau physique.",,,,,,,,,,
Gym douce,Danse,,"Redécouvrez votre corps grâce à des exercices de respiration, d’étirements et de détente.",,,,,,,,,,
Ludo' nature,Danse,,,,,,,,,,,,
Jeunes pousses nature,Danse,,,,,,,,,,,,
Plongée sous-marine,Danse,,Le grand bleu dans la ville. Activités subaquatiques et sensibilisation au milieu marin.,,,,,,,,,,
Jardinage écologique,Danse,,Main verte et nature urbaine. Apprendre à créer un petit jardin potager de manière biologique pour produire des légumes savoureux et un environnement fleuri et poétique.,,,,,,,,,,
Cap nature,Danse,,,,,,,,,,,,
Ludo sciences,Danse,,,,,,,,,,,,
Explo'sciences,Danse,,,,,,,,,,,,
Robotique,Danse,,"Et les objets prennent vie ! Penser, dessiner et créer des engins guidés ou autonomes et des objets mécaniques. Participation à des trophées de robotiques.",,,,,,,,,,
Voyageurs du temps,Danse,,"Archéologues en herbe, Préhistoires, Pharaons, Mayas, Romains, Moyen-âge et grands explorateurs, etc. Aventures extraordinaires et découvertes étonnantes à travers le temps !",,,,,,,,,,
Les p'tits détectives,Danse,,"L’art de coder et décrypter à travers les époques. Tout sur les mystérieuses écritures anciennes et les fascinants codes secrets qui ont changé le cours de l’histoire ! Énigmes, matériaux et techniques d’époque, fabrication d’encre invisible et déchiffrage de codes secrets.",,,,,,,,,,
Astronomie,Danse,,"Plus près des étoiles ! À la découverte du ciel et de la diversité des astres qui composent l’univers : histoire de l’astronomie, constructions, manipulations d’instruments, observation du ciel.",,,,,,,,,,
Observatoire des saisons,Danse,,"La science participative. Suivi de la nature ordinaire à travers des groupes indicateurs de biodiversité et du climat (identification, photo, récoltes de données).",,,,,,,,,,
La fabrique,Danse,Activité manuelle,"Bricoler, imaginer et construire soi-même. Constructions de maquettes, d’objets divers : dessiner des plans, utiliser des outils, travailler des matériaux.",,,,,,,,,,
Cuisine et pâtisserie,Danse,Activité manuelle,"Se régaler en cuisinant. Cuisine ludique de saison, pâtisseries, plats simples, confiseries. Découvertes gustatives, origines des aliments et recettes thématiques (Halloween, Noël, nouvel an chinois, Pâques...).",,,,,,,,,,
Cuisine du monde,Danse,Activité manuelle,"Recettes et saveurs d’ici et d’ailleurs. Découvrir la gastronomie mondiale (italienne, espagnole, indienne, asiatique, afro américaine, mexicaine, maghrébine, libanaise, etc.).",,,,,,,,,,
Cuisine du marché,Danse,Activité manuelle,"Gastronomie du quotidien. Élaborer des recettes simples du quotidien et d’autres plus élaborées pour recevoir, en utilisant des légumes et fruits de saison.",,,,,,,,,,
Atelier magie,Danse,Activité manuelle,"Le laboratoire de magie scientifique. Apprendre les ficelles de la magie en lien avec les phénomènes naturels. Manipulations, tours, illusions et mise en scène.",,,,,,,,,,
Couture créative,Danse,Activité manuelle,"Formes et matières. Apprentissage des techniques de couture pour toutes les idées textiles (vêtement, déco, ameublement). Création de maquettes, coupe, montage, finitions, recyclage et customisation, etc.",,,,,,,,,,
Création d'expos,Danse,Activité manuelle,"Une expo de A à Z. Réalisation d’expositions autour des sciences
et de l’environnement. Scénographie, muséographie, création de maquettes et d’outils pédagogiques. ",,,,,,,,,,
Photo,Danse,Photo,"Prise de vue numérique, techniques photographiques, construction d’image et réalisation d’un portfolio.",,,,,,,,,,
Film d'animation,Danse,,"Le tournage miniature : inventer des histoires, des personnages et des décors pour tourner des films image par image.",,,,,,,,,,
Cinéma et animation,Danse,,"Le cinéma ré-inventé : analyse et histoire du cinéma, techniques de prise de vue, de montage et réalisation de film d’animation.",,,,,,,,,,
Vidéo,Danse,,Devenir vidéaste : toutes les techniques de prises de vues et de montage vidéo avec les outils modernes. Initiation à la réalisation de films.,,,,,,,,,,
Art et sens,Danse,,"Création, matières et découvertes : éveil artistique et sensoriel, développement de la créativité et appréhension des matières. Dessins, peintures et sculptures.",,,,,,,,,,
Les inventeurs d'histoires,Danse,,"Inventer et faire vivre ses propres histoires : écriture et imaginaire. Création de contes et ""mise en vie"" : illustration, création de livres, de marionnettes ou de pièces jouées par les participants.",,,,,,,,,,
BD / Mangas,Danse,,"Bulles, planches et création : du scénario à la réalisation graphique, toutes les techniques de dessin pour la création de bandes dessinées et mangas.",,,,,,,,,,
Dessin-illustration,Danse,,"Trouver son style graphique : apprendre les techniques de dessin pour illustrer, croquer et reproduire à sa manière.",,,,,,,,,,
Dessin naturaliste,Danse,,"La nature comme modèle. Dessin zoologique et botanique : proportions, lumière, volume et couleur.",,,,,,,,,,
Ragga,Danse,,Réveillez la féminité qui est en vous sur des musiques 100% ragga ! Dynamisme et féminité seront toujours au rendez-vous.,,,,,,,,,,
Danse africaine,Danse,,Un plongeon dans l’Afrique de l’Ouest et ses danses traditionnelles.,,,,,,,,,,
Samba,Danse,,"La samba est un mélange de cultures africaine et amérindienne. En utilisant votre corps comme moyen d’expression artistique, vivez le moment présent dans une ambiance de rêve et de carnaval.",,,,,,,,,,
Peinture-modelage,Danse,,"Modeler, travailler la matière et lui donner forme, volume, sens à partir des techniques de la terre. Peindre, mélanger les couleurs et s’exprimer sur différents thèmes en s’appuyant sur des peintres connus.",,,,,,,,,,
Dessin initiation,Danse,,"Apprentissage du dessin : ce cours innovant s’adresse à tout public débutant et initié, toute personne sensible et créative, désireuse de découvrir le monde de la création à travers l’apprentissage des techniques du dessin et de la couleur, en passant par l’étude du graphisme et l’illustration.",,,,,,,,,,
Bande dessinée initiation,Danse,,"Art complexe et passionnant, la BD fait partie de nos vies depuis notre enfance. Cet atelier propose à chacun de devenir scénariste et inventeur d’histoire illustrée (en couleurs ou en N&B), avec des personnages et des décors.",,,,,,,,,,
Cuisine,Danse,,Redécouvrez les ingrédients de tous les jours et préparez des plats originaux et accessibles.,,,,,,,,,,
Pâtisserie,Danse,,"Apprenez à réaliser des mille-feuilles, éclairs au chocolat, tartes aux pommes et fraisiers comme chez le pâtissier.",,,,,,,,,,
"Composition musicale electro rock ""nouveau""",Danse,,"Une DJ, un prof de chant compositeur... un mix de vinyles passe, les inscrits jouent à improviser, au micro, des mélodies sur des débuts de textes. Peu à peu en ajoutant refrain, guitares et rythmes, une chanson se construit. Dépôt des morceaux sur internet, et auprès d’une société d’auteurs compositeurs.",,,,,,,,,,
Atelier clavier / piano,Danse,,"Abord et pratique du clavier, pour harmoniser des mélodies, commencer à composer. Initiation à l’harmonie pop, le chiffrage des accords jazz ainsi qu’au solfège pour les non pianistes.",,,,,,,,,,
Atelier d'orchestre,Danse,,"Ludique et musical. L’écoute, le rythme, le phrasé, l’improvisation seront abordés sur des musiques de jazz, rock, latines… le tout en swing !",,,,,,,,,,
Qi Gong Chinois,Danse,,"Force, équilibre, détente, harmonie intérieure et une meilleure circulation de l’énergie. Il favorise l’équilibre fonctionnel des organes et l’apaisement dese ́motions et du stress. Il est aussi une éducation à la conscience de soi et apporte un épanouissement personnel.",,,,,,,,,,
Gym tonic,Danse,,"Programme dynamique et complet favorisant un travail approfondi du corps : assouplissement, travail du dos et des abdo-fessiers, travail des jambes, étirements, etc.",,,,,,,,,,
Ecriture,Danse,,Vous avez des difficultés à écrire en français ? Ce cours vous apprendra à rédiger vos documents administratifs ou autres.,,,,,,,,,,
Country,Danse,Danse,,,,,,,,,,,
Modern' Street®,Danse,,,,,,,,,,,,
Ragg'Afro,Danse,,"Initiation aux danse afro-caribéennes, traditionnelles (Afrique de l'Ouest), et populaires (coupé dacalé de la Côte d'Ivoire, N'Dombolo du Congo, Kuduru de l'Angola et le Ragga Dance Hall des Caraïbes).",,,,,,,,,,
Arts plastiques (5 thèmes),Danse,,"Découverte ludique du travail en volume sur divers matériaux (papier, sable, terre, fil de fer, tissus, coton, terre, plâtre, carton, bois, pierre, verre, etc. ) grâce à différentes techniques (dessin, peinture, collage, etc.), découverte de l'espace bi et tri-dimensionnel, travail de l'imaginaire, de la créativité, de l'expressivité, travail sur la couleur, créations individuelles et collectives.",,,,,,,,,,
Calligraphie chinoise,Danse,,"La calligraphie chinoise est la base de l'art chinois, la beauté visuelle des idéogrammes, la technique sur laquelle elle s'appuie et les enjeux plastiques qui y sont liés incarnent l'ensemble des préceptes de spontanéité et de vacuité qu’elle inspire. Cest un art majeur ou chaque signe représente une idée et la langue écrite peut être lue dans toutes les langues de la Chine. A travers son enseignement, les idéogrammes révèlent tous leur secrets, dévoilent la richesse et la profondeur de la pensée chinoise.",,,,,,,,,,
Danses de couple,Danse,,"Plusieurs danses de couple à apprendre : Salsa, Tango, Lindy Hop, Balboa, etc.",,,,,,,,,,
Balboa,Danse,,"Balboa est apparu en Californie dans les années 1920. Les diverses théories sur les origines du Balboa ne font pas consensus, et loin s’en faut. Certains affirment que le Balboa dérive du Foxtrot, alors que d’autres pensent qu’il est une évolution du Charleston ou du Collegiate Shag de la Nouvelles Orléans, qui se pratiquent aussi en huit temps. D’autres encore, comme Willie Desatof, danseur de Balboa de grande distinction, soutiennent qu’il provient de la Rumba. Bien qu’on ne puisse être sûr des origines précises du Balboa, il est certain que les premiers danseurs ont dus être influencés par les autres danses du moment. Le Balboa tient son nom de la péninsule de Balboa à Newport Beach, située sur la côte californienne, au sud de Los Angeles. Le Balboa fut tout d’abord dansé dans une salle donnant sur la plage appelée le Pavillon.",,,,,,,,,,
Accordéon diatonique,Danse,,Un accordéon diatonique est un accordéon bi-sonore : lorsqu’une touche côté droit est enfoncée la note obtenue n’est pas la même suivant que le musicien comprime ou étire le soufflet. Les touches côté gauche correspondent aux basses. L’accordéon diatonique est généralement plus petit que l’accordéon chromatique. Il est le plus utilisé des deux dans la musique dite traditionnelle en Bretagne et en France.,,,,,,,,,,
Bombarde,Danse,,La bombarde est un hautbois primitif destiné au jeu de plein air. Un joueur de bombarde s’appelle un talabarder (prononcé « talabardeur »).,,,,,,,,,,
Cornemuse,Danse,,"La cornemuse d’écosse est une grande cornemuse à trois bourdons, utilisée en particulier dans les pipes bands et les bagadoù.",,,,,,,,,,
Breton,Danse,,"Le breton (ar brezhoneg) est une langue d’origine celtique, comme le gaélique (Irlande) et le gallois (pays de Galles). Elle est parlée surtout dans la partie ouest de la Bretagne.",,,,,,,,,,
Danse bretonne,Danse,,"De même que le costume et la langue, la danse est un élément fort de l’identité bretonne, tant nationale que locale. Danses communautaires en ronde, en chaîne, par couples, danses très intériorisées et danses exhubérantes, danses de cérémonie et danses-jeu, toutes formes de danses se côtoient en Bretagne.",,,,,,,,,,
Kan ha diskan,Danse,,"Le kan ha diskan est une technique de chant avec tuilage utilisée uniquement dans une partie de la Bretagne pour accompagner la danse, et pour des chants en breton.",,,,,,,,,,
Contes,Danse,,"Aux confins de terres embrumées, vivent des êtres étranges. Auréolés de mystère et inspirés par les vents du souvenir ils sont des passeurs d’histoires, des colporteurs de vérité… des conteurs. Que ce soient des récits de vie, des visions du troisième monde ou des légendes reculées provenant du fond des âges celtes, les conteurs les mettent en scène et leurs redonnent vie lors d’une veillée, au creux d’une cheminée. Alors, le temps d’un songe, laissez vous embarquer dans ces univers merveilleux où tout peut arriver et vous verrez, vous en reviendrez quelque peu différent.",,,,,,,,,,
Terre et céramique,Danse,,"Atelier de poterie, de céramique et de sculpture sur terre.",,,,,,,,,,
Intensif Voix et Interprétation,Danse,,"Objectif : découvrir ou développer et s'approprier, dans un laps de temps court (5 semaines), les outils du chanteur d'un point de vue vocal et scénique. Etre capable d'utiliser ces outils sur scène dans un contexte professionnel, le cas échéant, en complément de son métier de base.",,,,,,,,,,
"Techniques du chanteur ""session courte""",Danse,,"Objectif : approfondir, perfectionner ou tout simplement aborder les techniques du chanteur. Contenu : technique vocale - formation musicale et rythme - corps, voix et scène (méthode Feldenkrais) - expression scénique.",,,,,,,,,,
Voulez-Vous Coacher avec Moi ?,Danse,,"Objectif : finaliser, pour la scène, un projet artistique chanson déjà constitué. Développer les moyens techniques artistiques (voix, interprétation, texte, musique…) et professionnels (outils de communication, entourage, stratégie…) qui permettent à ce projet de s'épanouir dans le secteur du spectacle vivant et des musiques actuelles. Type d'action : entretenir et développer ses capacités artistiques et ses qualités d'interprète - le projet professionnel, la stratégie de carrière, la promotion de son art.",,,,,,,,,,
Chemins d'écriture,Danse,,"Objectif : maîtriser les techniques de déblocage de l'imaginaire, de relecture et de mise en forme de l'écriture. Trouver son propre chemin de création à travers le travail d'un groupe d'auteurs. Contenu : "" Chemins d'écriture"" est une méthode de travail autour de l'écriture de chansons se présentant plus comme un apprentissage de la maîtrise des moyens d'écriture que comme un atelier de formation proprement dit. Il s'agit d'une exploration des voies de l'écriture et d'une approche des différents moyens permettant de libérer l'expression.",,,,,,,,,,
Outils du chanteur - parcours création,Danse,,"Objectif : acquérir, perfectionner, utiliser et s'approprier les outils de l'Auteur-Compositeur-Interprète du point de vue de la création (composition, écriture) et de l'interprétation vocal et scénique. Etre capable d'utiliser ses outils sur scène dans un contexte professionnel, le cas échéant, en complément de son métier de base. Contenu : contexte professionnel - Technique vocale - Expression scénique - Corps et voix - Formation musicale - Vocal training - Culture musicale.",,,,,,,,,,
L'artiste et son projet,Danse,,"Objectif : acquérir le socle de connaissances nécessaires qui permettent à l'artiste de mieux appréhender et enrichir son entourage professionnel et ainsi, de développer ses projets artistique et professionnel. Contenu : 1 – connaître et administrer ses droits 2 – la propriété intellectuelle, le spectacle vivant et l'industrie musicale 3 – Quel projet, quelle carrière avec quels partenaires professionnels et quelle stratégie à mettre en place 4 – l'image de l'artiste et ses outils de communication 5 – l'artiste et les nouveaux médias.",,,,,,,,,,
Création Musicale Assistée par Ordinateur (M.A.O.),Danse,,"Du hip hop au classique, quel que soit le style abordé, la création musicale est un moyen d'exprimer et de transmettre ses émotions qui peut s'inscrire autant en amont qu'en aval de l'apprentissage du solfège et de la pratique instrumentale. L'ordinateur offre une interaction visuelle et auditive avec l'acte musical qui, avec l'aide de l’enseignant, lui permettra d'apprivoiser les mécanismes qui régissent la musique. L'élève viendra au cours muni de son matériel : ordinateur portable, séquenceur (licence de Cubase, Logic, DP, ou Sonar), instruments virtuels (plug-ins de son choix), casque, et si possible clavier USB / MIDI.",,,,,,,,,,
Instruments anciens et chant,Danse,,"Apprentissage d'instruments anciens et du chant : flûte à bec, viole de gambe, épinette et cromorne, chant. Lorsqu'on développe ses qualités musicales individuellement (3, 4, 5 années de pratique) on aboutit à un sens plus large du partage et de la construction harmonique dans une ambiance de groupe où la rencontre musicale élargit et multiplie notre capacité d'écoute et de créativité (Moyen-Âge, Renaissance, Baroque).",,,,,,,,,,
Percussions corporelles et claquettes,Danse,,"Les claquettes sont la rencontre entre le mouvement et le rythme , le lien entre la musique et la danse. C'est une discipline qui peut s'aborder à tout âge et qui ne nécessite aucune technique préalable, juste l'envie de danser, de se faire plaisir et de ressentir le rythme.
Le travail est basé sur une approche rythmique puis un apprentissage des pas de base. Poids du corps, souplesse de la cheville, décontraction du bas de la jambe et du corps. Si les claquettes appartiennent à la tradition de la musique jazz, elles s'adaptent aussi à d'autres styles de musiques actuelles (reaggae, swing, rock, ...). Si vous avez l'habitude de battre la mesure avec votre pied ou si l'écoute d'une musique vous donne envie de danser, enfilez une paire de claquettes et rejoignez le cours !",,,,,,,,,,
Danse Balinaise,Danse,,"La danse balinaise (indonésienne) est une forme de danse asiatique originale. Elle est liée au sacré et à la narration. Les récits attachés à ces danses dépeignent souvent des épisodes provenant des épopées indonésiennes ou hindoues. On s’exprime à l’aide de mouvements des mains, de la tête, des yeux, des doigts, ainsi que sur la pantomime et l'expression du visage pour renforcer l'intention de la narration. La remarquable tradition de danse indonésienne s'épanouit et évolue encore après 1.000 ans, et marque un profond attachement à la communauté et à la vie spirituelle.  Le yoga prépare notre corps: on l’étire, on respire, pour lui faire prendre des formes nouvelles. Cette sorte de yoga pratiqué en Indonésie met l'accent sur la fluidité des mouvements à partir de postures qui s'enchaînent en une séquence continue. La méthode de respiration qui l'accompagne va générer une chaleur intérieure qui purifie l'organisme. Voir : www.myspace.com/sekar.paris.",,,,,,,,,,
Danse de caractère,Danse,,Danses Slaves et Tziganes.,,,,,,,,,,
Gym harmonique et rythmique,Danse,,"Cours de remise en forme en musique, exercices d'assouplissement, d'étirement, de musculation et de respiration, travail de la coordination par des séquences de danse.",,,,,,,,,,
Gym holistique,Danse,,"La Gymnastique Holistique (méthode Ehrenfried) permet au corps tout entier de retrouver ses pleines capacités motrices en se servant du mouvement simple. L'effort est toujours mesuré, on vise le confort et le respect des capacités de chacun. Les mouvements sollicitent l'imagination en ouvrant ainsi de nouveaux horizons.",,,,,,,,,,
Stretching Postural,Danse,Relaxation,"Le Stretching Postural® est une technique d'autoétirement alternant postures toniques et postures de relâchement. Avec l'aide de respirations spécifiques, elle améliore la concentration, la conscience corporelle, favorise l'élimination du stress, renforce la musculature profonde et permet de renforcer le dos afin de pouvoir se redresser sans effort !",,,,,,,,,,
Gym-danse,Danse,,Ces cours en musique s’adressent à tous. Echauffements variés : mouvements toniques et déplacements dynamiques. Travail au sol des fessiers-cuisses-abdos avec ou sans élastique. Travail d’étirement et de relaxation.,,,,,,,,,,
Krav Maga,Danse,,"Le Krav Maga, également écrit krav-maga, est une méthode d’autodéfense israélienne. À l’origine, il a été créé par Imi Lichtenfeld, pour protéger la communauté juive de Bratislava dans les années 1930. Il a depuis été adopté par Tsahal et le Mossad, et par de nombreuses polices et troupes d’élite dans le monde. Il connaît également un relatif intérêt chez les civils.",,,,,,,,,,
Technique Alexander,Danse,,"Votre manière habituelle de réagir, de bouger et de faire des choses est-elle satisfaisante ? Peut-être, ressentez-vous des douleurs au cours d¹activités quotidiennes ou professionnelles ? La technique Alexander est appropriée à toute personne, quels que soient son âge et sa forme physique, afin de prévenir ou surmonter naturellement : tensions musculaires et raideur / un déséquilibre postural / des gestes inappropriés / le stress.",,,,,,,,,,
Wutao,Danse,,"Le Wutao est né au cours de l’année 2000 du métissage des expériences de Pol Charoy et Imanou Risselard : Wushu, Yoga, danse, et Bio-énergie occidentale, le tout revisité et réinventé à travers l’exploration du mouvement. En chinois, Wutao s’écrit avec deux idéogrammes : « Wu » signifiant « danse » et « Tao » « voie, chemin ». Ainsi Wutao pourrait-il être traduit par « la Voie de la danse de la vie ». La pratique se concentre sur le déploiement d’une onde déclenchée  par le relâchement du bassin, à partir de laquelle se décline tout un ensemble de mouvements réalisés dans un profond respect de l’être et de sa corporalité. Les principes du Wutao restent au plus près de la sensibilité du sentiment pour insuffler de l’émotion à notre gestuelle. Car la douceur et la sensibilité sont les qualités que notre organisme accueille le plus efficacement. La pédagogie du Wutao passe par ""le mouvement primordial ondulatoire"", ""l'exploration des spirales"", et ""les déplacements dans l'instant juste"". Cette évolution se retrouve dans les variations debout, assis ou au sol.",,,,,,,,,,
Bharata natyam,Danse,,"Le bharata natyam est une forme de danse classique indienne originaire du sud de l'Inde. L'origine du nom Bharata natyam provient de Bharata, le nom indien de l'Inde et de natyam, le mot tamoul pour danse (en realité bharatanatyam signifie ""danse musique theatre"" mais ce mot reunissant les trois n'a pas d'equivalent en français). C'est l'une des plus anciennes danses indiennes. Art martial à la base, elle était liée aux pratiques religieuses dès son origine. Avec le temps, elle fut interdite sous la domination anglaise, mais autorisée dans les comptoirs français (Sud du pays).",,,,,,,,,,