Loisirs créatifs,Ateliers de loisirs créatifs,Loisirs créatifs,,,,
Loisirs créatifs,Bougies,Bougies,,,,
Loisirs créatifs,Cartonnage,Cartonnage,,,,
Loisirs créatifs,Cartonnage,Fabrication de meubles en carton,,,,
Loisirs créatifs,Couture & création textile,Couture & création textile,,Arts manuels,Couture,
Loisirs créatifs,Couture & création textile,Broderie & dentelle,,,,
Loisirs créatifs,Couture & création textile,Costumes & déguisements,,,,
Loisirs créatifs,Couture & création textile,Couture & création en feutre et laine,,,,
Loisirs créatifs,Couture & création textile,Patchwork & boutis,,,,
Loisirs créatifs,Couture & création textile,Tricot et macramé,,,,
Loisirs créatifs,Couture & création textile,Couture & création textile,,,,
Loisirs créatifs,Couture & création textile,Tapisserie,,,,
Loisirs créatifs,Couture & création textile,Tissage,,,,
Loisirs créatifs,Création de bijoux,Création de bijoux,,,,
Loisirs créatifs,Création de poupées,Création de poupées,,,,
Loisirs créatifs,Décoration de table & fête,Décoration de table & fête,,,,
Loisirs créatifs,Encadrement,Encadrement,,Arts manuels,Encadrement,
Loisirs créatifs,Fleurs pressées,Fleurs pressées,,,,
Loisirs créatifs,Lampes & abat-jour,Lampes & abat-jour,,,,
Loisirs créatifs,Masques,Masques,,,,
Loisirs créatifs,Modélisme & maquettes,Modélisme & maquettes,,,,
Loisirs créatifs,Mosaïque décorative,Mosaïque décorative,,,,
Loisirs créatifs,Origami & papier,Créations en papier,,,,
Loisirs créatifs,Origami & papier,Papier mâché,,,,
Loisirs créatifs,Origami & papier,Papiers collés,,,,
Loisirs créatifs,Origami & papier,Origami & pliages,,,,
Loisirs créatifs,Peinture sur porcelaine,Peinture sur porcelaine,,,,
Loisirs créatifs,Peinture sur soie & tissus,Peinture sur soie & tissus,,,,
Loisirs créatifs,Peinture sur verre,Peinture sur verre,,,,
Loisirs créatifs,Pochoirs,Techniques du pochoir,,,,
Loisirs créatifs,Réfection de sièges & fauteuils,Réfection de sièges & fauteuils,,,,
Loisirs créatifs,Scrapbooking,Scrapbooking & albums,,Arts manuels,Scrapbooking,
Loisirs créatifs,Vannerie & paniers,Cannage & paillage,,,,
Loisirs créatifs,Vannerie & paniers,Vannerie & paniers,,,,
Art & Artisanat,Art du métal,Art du métal,,,,
Art & Artisanat,Art du métal,Couteaux & coutellerie,,,,
Art & Artisanat,Art du métal,Fonderie, bronze & moulages,,,,
Art & Artisanat,Art du métal,Forge & forgeron,,,,
Art & Artisanat,Art du métal,Sculpture sur métal,,,,
Art & Artisanat,Art du tissu,Couture & broderie d'art,,,,
Art & Artisanat,Art du tissu,Feutre & laine,,,,
Art & Artisanat,Art du tissu,Teintures végétales & naturelles,,Arts manuels,Sculpture,
Art & Artisanat,Art du tissu,Tissage & tapisserie d'art,,,,
Art & Artisanat,Art floral,Art floral,,Arts manuels,Art floral,
Art & Artisanat,Art floral,Ikebana,,,,
Art & Artisanat,Art végétal,Bonsaï,,,,
Art & Artisanat,Art végétal,Création de jardin d'art,,,,
Art & Artisanat,Art végétal,Land art,,,,
Art & Artisanat,Art végétal,Sculpture végétale,,,,
Art & Artisanat,Arts plastiques,Arts plastiques,,Arts visuels et plastiques,Arts plastiques,
Art & Artisanat,Arts plastiques,Arts plastiques,,Arts manuels,Divers,
Art & Artisanat,Calligraphie,Calligraphie arabe ,,,,
Art & Artisanat,Calligraphie,Calligraphie chinoise & asiatique ,,,,
Art & Artisanat,Calligraphie,Calligraphie latine & contemporaine ,,,,
Art & Artisanat,Calligraphie,Découverte de la calligraphie ,,Arts visuels et plastiques,Calligraphie,
Art & Artisanat,Dessin & peinture,Aquarelle & lavis ,,,,
Art & Artisanat,Dessin & peinture,Bande dessinée ,,,,
Art & Artisanat,Dessin & peinture,Caricature,,,,
Art & Artisanat,Dessin & peinture,Copie de tableaux,,,,
Art & Artisanat,Dessin & peinture,Crayon, mine & fusain ,,,,
Art & Artisanat,Dessin & peinture,Croquis ,,,,
Art & Artisanat,Dessin & peinture,Découverte dessin & peinture ,,Arts visuels et plastiques,Peinture,
Art & Artisanat,Dessin & peinture,Dessin ,,Arts visuels et plastiques,Dessin,
Art & Artisanat,Dessin & peinture,Dessin à l'encre & plume,,,,
Art & Artisanat,Dessin & peinture,Dessin d'après modèle vivant ,,,,
Art & Artisanat,Dessin & peinture,Enluminure ,,,,
Art & Artisanat,Dessin & peinture,Graffiti,,,,
Art & Artisanat,Dessin & peinture,Gravure ,,,,
Art & Artisanat,Dessin & peinture,Manga ,,,,
Art & Artisanat,Dessin & peinture,Pastel ,,,,
Art & Artisanat,Dessin & peinture,Peinture ,,,,
Art & Artisanat,Dessin & peinture,Peinture à l'huile ,,,,
Art & Artisanat,Dessin & peinture,Peinture abstraite & contemporaine,,,,
Art & Artisanat,Dessin & peinture,Peinture acrylique ,,,,
Art & Artisanat,Dessin & peinture,Peinture d'icônes,,,,
Art & Artisanat,Dessin & peinture,Peinture en trompe l'œil,,,,
Art & Artisanat,Modelage & poterie,Céramique ,,Arts manuels,Poterie / Modelage,
Art & Artisanat,Modelage & poterie,Émail,,,,
Art & Artisanat,Modelage & poterie,Modelage ,,,,
Art & Artisanat,Modelage & poterie,Plâtre,,,,
Art & Artisanat,Modelage & poterie,Poterie & raku ,,,,
Art & Artisanat,Modelage & poterie,Résine,,,,
Art & Artisanat,Mosaïque d'art,Mosaïque ancienne & artistique,,,,
Art & Artisanat,Reliure & papier d'art,Création de livres,,,,
Art & Artisanat,Reliure & papier d'art,Fabrication de papier ,,,,
Art & Artisanat,Reliure & papier d'art,Reliure ,,,,
Art & Artisanat,Reliure & papier d'art,Restauration de livres ,,,,
Art & Artisanat,Reliure & papier d'art,Sculpture papier,,,,
Art & Artisanat,Restauration d'art,Patines, céruses & dorures ,,,,
Art & Artisanat,Restauration d'art,Restauration de mobilier ancien ,,,,
Art & Artisanat,Restauration d'art,Restauration de tableaux,,,,
Art & Artisanat,Restauration d'art,Restauration d'art ,,,,
Art & Artisanat,Restauration d'art,Vernis au tampon,,,,
Art & Artisanat,Sculpture & taille,Marbre,,,,
Art & Artisanat,Sculpture & taille,Sculpture & taille de pierre,,Arts manuels,Sculpture,
Art & Artisanat,Travail du bois,Ebénisterie ,,,,
Art & Artisanat,Travail du bois,Fabrication d'objets en bois ,,,,
Art & Artisanat,Travail du bois,Peinture sur bois & icônes ,,,,
Art & Artisanat,Travail du bois,Sculpture sur bois,,,,
Art & Artisanat,Travail du cuir,Travail du cuir et des peaux ,,,,
Art & Artisanat,Vitrail & travail du verre,Pâte de verre,,,,
Art & Artisanat,Vitrail & travail du verre,Travail du verre ,,,,
Art & Artisanat,Vitrail & travail du verre,Perles de verre ,,,,
Art & Artisanat,Vitrail & travail du verre,Souffleur de verre,,,,
Art & Artisanat,Vitrail & travail du verre,Vitrail, fusing & dalle verre,,,,
Musique & Chant,Chant,Chant choral,,Chant / Voix,Chorale,
Musique & Chant,Chant,Chant et randonnée,,,,
Musique & Chant,Chant,Chant lyrique & classique ,,,,
Musique & Chant,Chant,Chant médiéval & grégorien ,,,,
Musique & Chant,Chant,Chant sacré ,,,,
Musique & Chant,Chant,Chants traditionnels & chants du monde ,,,,
Musique & Chant,Chant,Comédies musicales ,,,,
Musique & Chant,Chant,Jazz & gospel ,,,,
Musique & Chant,Chant,Techniques vocales ,,Chant / Voix,Chant,
Musique & Chant,Chant,Techniques vocales ,,Chant / Voix,Technique vocale / musicale,
Musique & Chant,Chant,Techniques vocales ,,Chant / Voix,Entraînement vocal,
Musique & Chant,Chant,Variétés & studio,,,,
Musique & Chant,Chant,Chant & instrument,,Chant / Voix,Chant & instrument,
Musique & Chant,Découverte de la musique,Eveil musical ,,,,
Musique & Chant,Découverte de la musique,Musiques mixtes,,Musique / Instruments,Technique musicale / instrumentale,
Musique & Chant,Ecoles de musique,Conservatoires de musique ,,,,
Musique & Chant,Ecoles de musique,Ecoles, centres & académies de musique,,,,
Musique & Chant,Lutherie,Lutherie, fabrication & réparation d'instruments ,,,,
Musique & Chant,Mixage & DJ,Mixage & DJ,,Insolite,DJ / Mix,
Musique & Chant,Musique classique,Musique & instruments anciens ,,,,
Musique & Chant,Musique classique,Musique baroque & Renaissance ,,,,
Musique & Chant,Musique classique,Musique classique ,,,,
Musique & Chant,Musique classique,Musique contemporaine ,,,,
Musique & Chant,Musique classique,Musique de chambre ,,,,
Musique & Chant,Musique classique,Musique médiévale ,,,,
Musique & Chant,Musique classique,Opéra & écriture de livrets ,,,,
Musique & Chant,Musique classique,Orchestre & direction d'orchestre,,,,
Musique & Chant,Musique jazz & rock,Jazz ,,,,
Musique & Chant,Musique jazz & rock,Rock ,,,,
Musique & Chant,Musique jazz & rock,Soul & rythm'n blues,,,,
Musique & Chant,Musique par instrument,Toutes percussions ,,Musique / Instruments,Instruments,
Musique & Chant,Musique par instrument,Accordéon ,,Musique / Instruments,Instruments du monde,
Musique & Chant,Musique par instrument,Harmonica ,,,,
Musique & Chant,Musique par instrument,Orgue ,,,,
Musique & Chant,Musique par instrument,Basse & amplis ,,,,
Musique & Chant,Musique par instrument,Basson ,,,,
Musique & Chant,Musique par instrument,Batterie ,,,,
Musique & Chant,Musique par instrument,Clarinette ,,,,
Musique & Chant,Musique par instrument,Clavecin ,,,,
Musique & Chant,Musique par instrument,Congas & musique cubaine ,,,,
Musique & Chant,Musique par instrument,Contrebasse ,,,,
Musique & Chant,Musique par instrument,Cor ,,,,
Musique & Chant,Musique par instrument,Didgeridoo ,,,,
Musique & Chant,Musique par instrument,Flûtes & hautbois ,,,,
Musique & Chant,Musique par instrument,Guitare électrique ,,,,
Musique & Chant,Musique par instrument,Guitare sèche ,,,,
Musique & Chant,Musique par instrument,Harpe ,,,,
Musique & Chant,Musique par instrument,Luth & oud ,,,,
Musique & Chant,Musique par instrument,Percussions insolites,,,,
Musique & Chant,Musique par instrument,Percussions orientales,,,,
Musique & Chant,Musique par instrument,Piano ,,,,
Musique & Chant,Musique par instrument,Saxophone ,,,,
Musique & Chant,Musique par instrument,Synthétiseur ,,,,
Musique & Chant,Musique par instrument,Trombone ,,,,
Musique & Chant,Musique par instrument,Trompette ,,,,
Musique & Chant,Musique par instrument,Tuba ,,,,
Musique & Chant,Musique par instrument,Violon, violoncelle & alto ,,,,
Musique & Chant,Musique par instrument,Fanfare,,,,
Musique & Chant,Musique par instrument,Ensembles instrumentaux,,Musique / Instruments,Ensembles instrumentaux,
Musique & Chant,Musique & Instruments,Culture musicale,,Musique / Instruments,Culture musicale,
Musique & Chant,Musiques actuelles,Découverte des musiques actuelles,,,,
Musique & Chant,Musiques actuelles,MAO (Musique Assistée par Ordinateur),,,,
Musique & Chant,Musiques actuelles,Rap, hip-hop & reggae,,,,
Musique & Chant,Musiques du monde,Djembé & musique africaine ,,,,
Musique & Chant,Musiques du monde,Samba & musique brésilienne ,,,,
Musique & Chant,Musiques du monde,Musique arabo-andalouse,,,,
Musique & Chant,Musiques du monde,Musique asiatique,,,,
Musique & Chant,Musiques du monde,Musique des Antilles & Caraïbes,,,,
Musique & Chant,Musiques du monde,Musique indienne,,,,
Musique & Chant,Musiques du monde,Musique orientale ,,,,
Musique & Chant,Musiques du monde,Toutes musiques du monde,,,,
Musique & Chant,Musiques traditionnelles & folkloriques,Musique country & cajun,,,,
Musique & Chant,Musiques traditionnelles & folkloriques,Musiques bretonne & celtique ,,,,
Musique & Chant,Musiques traditionnelles & folkloriques,Musiques de l'Est & tzigane ,,,,
Musique & Chant,Musiques traditionnelles & folkloriques,Musiques folkloriques ,,,,
Musique & Chant,Scène & voix,Préparation à la scène / aux concerts,,Chant / Voix,Voix & scène,
Musique & Chant,Solfège & musicologie,Ecriture & composition,,,,
Musique & Chant,Solfège & musicologie,Musicologie,,,,
Musique & Chant,Solfège & musicologie,Solfège ,,Musique / Instruments,Solfège,
Musique & Chant,Son & lumière,Eclairage & sonorisation ,,,,
Musique & Chant,Son & lumière,Prise de son & montage audio ,,,,
Musique & Chant,Son & lumière,Radio ,,,,
Musique & Chant,Travail rythmique,Rythme musical,,,,
Théâtre & Danse,Cirque & arts de la rue,Clown ,,Arts du spectacle,Cirque,
Théâtre & Danse,Cirque & arts de la rue,Funambule & acrobate ,,,,
Théâtre & Danse,Cirque & arts de la rue,Jonglerie ,,,,
Théâtre & Danse,Cirque & arts de la rue,Magie ,,Arts du spectacle,Magie,
Théâtre & Danse,Cirque & arts de la rue,Mime ,,Arts du spectacle,Mime,
Théâtre & Danse,Cirque & arts de la rue,Sculpture sur ballons,,,,
Théâtre & Danse,Cirque & arts de la rue,Voltige,,,,
Théâtre & Danse,Claquettes,Claquettes,,Danse,Claquettes,
Théâtre & Danse,Corps & mouvement,Ateliers corps & mouvement,,,,
Théâtre & Danse,Dance floor,Dance floor & variétés ,,,,
Théâtre & Danse,Danse africaine,Danse africaine & Afro jazz,,Danse,Danses du monde,
Théâtre & Danse,Danse classique,Danse classique,,Danse,Classique,
Théâtre & Danse,Barre au sol & assouplissements,Barre au sol classique,,Danse,Barre au sol,
Théâtre & Danse,Barre au sol & assouplissements,Barre au sol contemporaine,,,,
Théâtre & Danse,Danse contemporaine,Danse contemporaine & moderne,,Danse,Contemporaine / Moderne,
Théâtre & Danse,Danse contemporaine,Diverses danses,,,,
Théâtre & Danse,Danse orientale,Danse orientale,,,,
Théâtre & Danse,Danses folkloriques & traditionnelles,Danses folkloriques & traditionnelles ,,,,
Théâtre & Danse,Danses folkloriques & traditionnelles,Danse country,,,,
Théâtre & Danse,Danse Fitness,Fitness & Step,,Danse,Danse Fitness / Step,
Théâtre & Danse,Danses de couple,Danses de couple,,Danse,Danses de couple,
Théâtre & Danse,Ecoles de danses,Conservatoires de danse ,,,,
Théâtre & Danse,Ecoles de danses,Ecoles, centres & académies de danse,,,,
Théâtre & Danse,Flamenco,Flamenco,,,,
Théâtre & Danse,Danses urbaines,Hip-hop & break dance,,Danse,Hip Hop / Dancehall,
Théâtre & Danse,Danses urbaines,Ragga, Dancehall & House,,,,
Théâtre & Danse,Danses urbaines,Street, break & lock,,Danse,Street / Break,
Théâtre & Danse,Danses urbaines,Vogueing & Waacking,,,,
Théâtre & Danse,Danses du monde,Blues & West coast,,,,
Théâtre & Danse,Danses du monde,Danse de couple afro-latines,,,,
Théâtre & Danse,Danses du monde,Salsa, Bachata & Chacha,,,,
Théâtre & Danse,Danses du monde,Zouk, Lambazouk & Merengue,,,,
Théâtre & Danse,Danses du monde,Forro brésilien & Samba,,,,
Théâtre & Danse,Danses du monde,Rumba, Paso doble & Jiive,,,,
Théâtre & Danse,Danses du monde,Danse d'Asie & Butô japonais,,,,
Théâtre & Danse,Danses du monde,Danses de îles & Tamure (Tahiti),,,,
Théâtre & Danse,Danses du monde,Danses folks et traditionnelles,,,,
Théâtre & Danse,Danses du monde,Danse des 5 rythmes, Biodanza & Danse thérapie,,,,
Théâtre & Danse,Danses du monde,Feldenkrais & Alexander,,,,
Théâtre & Danse,Danses du monde,Coupé décalé, Kuduro & N'dombolo,,,,
Théâtre & Danse,Danses du monde,Danse indienne & Bollywood,,,,
Théâtre & Danse,Jazz & Modern jazz,Jazz, Street Jazz & Modern jazz,,Danse,Jazz / Modern' Jazz,
Théâtre & Danse,Zumba,Zumba,,Danse,Zumba,
Théâtre & Danse,Rock & danses de salon,Danses de sociétés ,,,,
Théâtre & Danse,Rock & danses de salon,Danses sportives,,,,
Théâtre & Danse,Rock & danses de salon,Rock'n roll ,,Danse,Rock,
Théâtre & Danse,Rock & danses de salon,Swing, Lindy hop & Be-bop,,,,
Théâtre & Danse,Rock & danses de salon,Valse, Slow fox & Quick step,,,,
Théâtre & Danse,Rock & danses de salon,Samba & danses brésiliennes,,,,
Théâtre & Danse,Comédie musicale / Chorégraphies,Comédie musicale / Chorégraphies,,Danse,Comédie musicale / Chorégraphie,
Théâtre & Danse,Salsa,Salsa,,,,
Théâtre & Danse,Tango,Tango,,,,
Théâtre & Danse,Pole dance,Pole dance,,Danse,Cabaret / Pole Dance,
Théâtre & Danse,Fusion,Fusion,,,,
Théâtre & Danse,Théâtre,Art dramatique ,,Arts du spectacle,Théâtre,
Théâtre & Danse,Théâtre,Conteurs & conteuses ,,,,
Théâtre & Danse,Théâtre,Costumes & décors,,,,
Théâtre & Danse,Théâtre,Découverte du théâtre ,,,,
Théâtre & Danse,Théâtre,Ecriture théâtrale ,,,,
Théâtre & Danse,Théâtre,Formation d'acteurs ,,Arts du spectacle,Impro,
Théâtre & Danse,Théâtre,Improvisation théâtrale ,,,,
Théâtre & Danse,Théâtre,Comédie & humour,,Arts du spectacle,Comédie / Humour,
Théâtre & Danse,Théâtre,Mise en scène & expression scénique,,Arts du spectacle,Expression scénique,
Théâtre & Danse,Théâtre,Pantins & marionnettes ,,,,
Théâtre & Danse,Théâtre,Pratiques théâtrales mixtes ,,,,
Théâtre & Danse,Théâtre,Théâtre de rue,,,,
Théâtre & Danse,Théâtre,Théâtre Nô & Kabuki,,,,
Culture & Sciences,Ateliers d'écriture,Carnets de voyage ,,,,
Culture & Sciences,Ateliers d'écriture,Ecriture autobiographique ,,,,
Culture & Sciences,Ateliers d'écriture,Ecriture de biographies & mémoires ,,,,
Culture & Sciences,Ateliers d'écriture,Ecriture de chansons ,,Chant / Voix,Textes & écriture,
Culture & Sciences,Ateliers d'écriture,Ecriture de contes ,,,,
Culture & Sciences,Ateliers d'écriture,Ecriture de nouvelles ,,,,
Culture & Sciences,Ateliers d'écriture,Ecriture de polars,,,,
Culture & Sciences,Ateliers d'écriture,Ecriture de romans ,,,,
Culture & Sciences,Ateliers d'écriture,Ecriture de scénarios ,,,,
Culture & Sciences,Ateliers d'écriture,Ecriture de science-fiction,,,,
Culture & Sciences,Ateliers d'écriture,Ecriture découverte ,,Arts visuels et plastiques,L'art d'écrire,
Culture & Sciences,Ateliers d'écriture,Ecriture jeunesse,,,,
Culture & Sciences,Ateliers d'écriture,Ecriture journalistique,,,,
Culture & Sciences,Ateliers d'écriture,Ecriture théâtrale,,Arts du spectacle,Création (composition, écriture),
Culture & Sciences,Ateliers d'écriture,Lettres & correspondance,,,,
Culture & Sciences,Ateliers d'écriture,Poésie,,,,
Culture & Sciences,Culture & civilisation,Archéologie ,,Arts et Sciences,Archéologie,
Culture & Sciences,Culture & civilisation,Cafés philo et débats de société ,,,,
Culture & Sciences,Culture & civilisation,Culture africaine ,,,,
Culture & Sciences,Culture & civilisation,Culture asiatique ,,,,
Culture & Sciences,Culture & civilisation,Culture d'Amérique & des îles ,,,,
Culture & Sciences,Culture & civilisation,Culture européenne ,,,,
Culture & Sciences,Culture & civilisation,Culture orientale,,,,
Culture & Sciences,Culture & civilisation,Ethnographie,,,,
Culture & Sciences,Culture & civilisation,Généalogie,,,,
Culture & Sciences,Culture & civilisation,Histoire & patrimoine ,,,,
Culture & Sciences,Culture & civilisation,Histoire de l'art & culture artistique,,Arts et Sciences,Culture artistique,
Culture & Sciences,Culture & civilisation,Histoire des religions ,,,,
Culture & Sciences,Culture & civilisation,Psychanalyse / séminaires & conférences ,,,,
Culture & Sciences,Culture & civilisation,Voyages culturels,,,,
Culture & Sciences,Jeux,Backgammon,,,,
Culture & Sciences,Jeux,Bridge ,,,,
Culture & Sciences,Jeux,Echecs,,,,
Culture & Sciences,Jeux,Poker ,,,,
Culture & Sciences,Jeux,Scrabble,,,,
Culture & Sciences,Jeux,Tarot,,,,
Culture & Sciences,Lecture,Apprentissage de la lecture,,,,
Culture & Sciences,Lecture,Diction & déclamation,,,,
Culture & Sciences,Lecture,Lecture à voix haute ,,,,
Culture & Sciences,Lecture,Lecture de contes,,Arts du spectacle,Lecture / Contes,
Culture & Sciences,Sciences, ciel & terre,Astronomie ,,,,
Culture & Sciences,Sciences, ciel & terre,Découverte des sciences ,,Insolite,Sciences,
Culture & Sciences,Sciences, ciel & terre,Géologie,,,,
Culture & Sciences,Sciences, ciel & terre,Météorologie,,,,
Culture & Sciences,Sciences, ciel & terre,Minéralogie & gemmologie,,Insolite,Gemmologie,
Culture & Sciences,Sciences, ciel & terre,Orpaillage ,,,,
Culture & Sciences,Sciences, ciel & terre,Volcans,,Arts et Sciences,Santé,
Culture & Sciences,Robotique,Robotique,,Arts et Sciences,Robotique,
Nature & Animaux,Chasse,Chasse à courre,,,,
Nature & Animaux,Chasse,Chasse à l'arc & arbalète ,,,,
Nature & Animaux,Chasse,Chasse au fusil ,,,,
Nature & Animaux,Chasse,Chasse au gibier d'eau ,,,,
Nature & Animaux,Chasse,Chasse au gros ,,,,
Nature & Animaux,Chasse,Chasse sous-marine,,,,
Nature & Animaux,Chasse,Découverte de la chasse,,,,
Nature & Animaux,Chasse,Fauconnerie,,,,
Nature & Animaux,Chiens & animaux domestiques,Chiens de traîneaux ,,,,
Nature & Animaux,Chiens & animaux domestiques,Chiens de troupeaux,,,,
Nature & Animaux,Chiens & animaux domestiques,Chiens guides d'aveugle ,,,,
Nature & Animaux,Chiens & animaux domestiques,Chiens sauveteurs,,,,
Nature & Animaux,Chiens & animaux domestiques,Chiens truffiers ,,,,
Nature & Animaux,Chiens & animaux domestiques,Comportementalisme & éthologie ,,,,
Nature & Animaux,Chiens & animaux domestiques,Dressage & éducation canine ,,,,
Nature & Animaux,Chiens & animaux domestiques,Massages pour animaux ,,,,
Nature & Animaux,Chiens & animaux domestiques,Sports canins & agility,,,,
Nature & Animaux,Découverte des animaux,Insectes & papillons,,,,
Nature & Animaux,Découverte des animaux,Loup,,,,
Nature & Animaux,Découverte des animaux,Mammifères marins ,,,,
Nature & Animaux,Découverte des animaux,Mammifères sauvages ,,,,
Nature & Animaux,Découverte des animaux,Ornithologie & oiseaux ,,,,
Nature & Animaux,Découverte des animaux,Poissons & coquillages ,,,,
Nature & Animaux,Découverte des animaux,Reptiles & batraciens,,,,
Nature & Animaux,Découverte nature,Eveil & découverte de la nature ,,Arts et Sciences,Observations / Nature,
Nature & Animaux,Découverte nature,Jardins et sentiers botaniques,,,,
Nature & Animaux,Découverte nature,Randonnées naturalistes,,,,
Nature & Animaux,Ecologie & développement durable,Biotopes & biologie ,,,,
Nature & Animaux,Ecologie & développement durable,Développement durable ,,Arts et Sciences,Écologie,
Nature & Animaux,Ecologie & développement durable,Espèces menacées,,,,
Nature & Animaux,Ecologie & développement durable,Protection de la nature ,,,,
Nature & Animaux,Ecologie & développement durable,Séjours écovolontaires,,,,
Nature & Animaux,Ferme & animaux de ferme,Ânes & mulets ,,,,
Nature & Animaux,Ferme & animaux de ferme,Animaux exotiques ,,,,
Nature & Animaux,Ferme & animaux de ferme,Apiculture & miel ,,,,
Nature & Animaux,Ferme & animaux de ferme,Cheval de trait & labourage,,,,
Nature & Animaux,Ferme & animaux de ferme,Elevage de chèvres & fromage ,,,,
Nature & Animaux,Ferme & animaux de ferme,Elevage de moutons & brebis,,,,
Nature & Animaux,Ferme & animaux de ferme,Fermes de découverte ,,,,
Nature & Animaux,Ferme & animaux de ferme,Poules & œufs,,,,
Nature & Animaux,Ferme & animaux de ferme,Vaches & lait,,,,
Nature & Animaux,Flore & botanique,Algues & lichens ,,,,
Nature & Animaux,Flore & botanique,Botanique & plantes sauvages ,,,,
Nature & Animaux,Flore & botanique,Champignons,,,,
Nature & Animaux,Milieux naturels,Bois & forêt ,,,,
Nature & Animaux,Milieux naturels,Bords de mer ,,,,
Nature & Animaux,Milieux naturels,Désert & steppe ,,,,
Nature & Animaux,Milieux naturels,Rivière, lac, étang & mare,,,,
Nature & Animaux,Pêche,Découverte de la pèche ,,,,
Nature & Animaux,Pêche,Pêche à la mouche ,,,,
Nature & Animaux,Pêche,Pêche à pied ,,,,
Nature & Animaux,Pêche,Pêche au gros ,,,,
Nature & Animaux,Pêche,Pêche blanche,,,,
Nature & Animaux,Pêche,Pêche en eau douce ,,,,
Nature & Animaux,Pêche,Pêche en mer,,,,
Jardinage,Apprentissage du jardinage,Initiation au jardinage ,,,,
Jardinage,Apprentissage du jardinage,Jardinage bio / biodynamique ,,,,
Jardinage,Apprentissage du jardinage,Maladies, ravageurs & traitements,,,,
Jardinage,Arbres & arbustes,Arbres & arbustes du jardin ,,,,
Jardinage,Arbres & arbustes,Osiériculture,,,,
Jardinage,Arbres & arbustes,Taille, bouture & greffes ,,,,
Jardinage,Arbres & arbustes,Verger & petits fruits ,,,,
Jardinage,Décor du jardin,Aménagements de balcons et terrasses,,,,
Jardinage,Décor du jardin,Aménagements de jardin,,,,
Jardinage,Fleurs,Fleurs du jardin,,,,
Jardinage,Potager & herbes,Création de potager,,,,
Jardinage,Visites de jardins & serres,Visite de jardins,,,,
Cuisine & Vins,Cuisine africaine,Cuisine africaine traditionnelle,,,,
Cuisine & Vins,Cuisine africaine,Cuisine d'Afrique du Nord,,,,
Cuisine & Vins,Cuisine asiatique,Cuisine chinoise ,,Cuisine / Œnologie,Cuisines du monde,
Cuisine & Vins,Cuisine asiatique,Cuisine coréenne,,,,
Cuisine & Vins,Cuisine asiatique,Cuisine du Laos & du Cambodge,,,,
Cuisine & Vins,Cuisine asiatique,Cuisine japonaise ,,,,
Cuisine & Vins,Cuisine asiatique,Cuisine thaïlandaise,,,,
Cuisine & Vins,Cuisine asiatique,Cuisine vietnamienne,,,,
Cuisine & Vins,Cuisine d'Amérique et des îles,Cuisine antillaise,,,,
Cuisine & Vins,Cuisine d'Amérique et des îles,Cuisine brésilienne,,,,
Cuisine & Vins,Cuisine d'Amérique et des îles,Cuisine mauricienne,,,,
Cuisine & Vins,Cuisine d'Amérique et des îles,Cuisine mexicaine,,,,
Cuisine & Vins,Cuisine européenne,Cuisine italienne ,,Cuisine / Œnologie,Whisky,
Cuisine & Vins,Cuisine européenne,Cuisine espagnole & tapas ,,,,
Cuisine & Vins,Cuisine européenne,Cuisine grecque,,,,
Cuisine & Vins,Cuisine européenne,Cuisine juive,,,,
Cuisine & Vins,Cuisine européenne,Cuisine portugaise,,,,
Cuisine & Vins,Cuisine européenne,Cuisine russe & slave,,,,
Cuisine & Vins,Cuisine française,Ateliers techniques de cuisine ,,Cuisine / Œnologie,Cuisine,
Cuisine & Vins,Cuisine française,Cuisine avec les grands chefs ,,,,
Cuisine & Vins,Cuisine française,Cuisine française classique ,,,,
Cuisine & Vins,Cuisine française,Cuisine nouvelle & fusion ,,,,
Cuisine & Vins,Cuisine française,Cuisine spécial foie gras & terrines ,,,,
Cuisine & Vins,Cuisine française,Cuisine spécial gibier,,,,
Cuisine & Vins,Cuisine française,Cuisine spécial poisson,,,,
Cuisine & Vins,Cuisine française,Cuisines mixtes ,,,,
Cuisine & Vins,Cuisine française,Cuisines régionales ,,,,
Cuisine & Vins,Cuisine française,Découverte de la cuisine,,Cuisine / Œnologie,Hors du commun,
Cuisine & Vins,Cuisine orientale,Cuisine du Maghreb ,,,,
Cuisine & Vins,Cuisine orientale,Cuisine indienne & pakistanaise,,,,
Cuisine & Vins,Cuisine orientale,Cuisine iranienne & perse,,,,
Cuisine & Vins,Cuisine orientale,Cuisine libanaise,,,,
Cuisine & Vins,Cuisine orientale,Cuisine turque & caucasienne,,,,
Cuisine & Vins,Cuisine santé,Cuisine végétarienne ,,,,
Cuisine & Vins,Cuisine santé,Cuisine bio,,Cuisine / Œnologie,Bio,
Cuisine & Vins,Dégustations & produits,Découvertes gastronomiques ,,,,
Cuisine & Vins,Dégustations & produits,Dégustation d'algues ,,,,
Cuisine & Vins,Dégustations & produits,Dégustation d'eaux,,,,
Cuisine & Vins,Dégustations & produits,Dégustation d'huiles & vinaigres ,,,,
Cuisine & Vins,Dégustations & produits,Dégustation de café,,,,
Cuisine & Vins,Dégustations & produits,Dégustation de champignons,,,,
Cuisine & Vins,Dégustations & produits,Dégustation de charcuteries fines,,,,
Cuisine & Vins,Dégustations & produits,Dégustation de châtaignes & marrons,,,,
Cuisine & Vins,Dégustations & produits,Dégustation de chocolat ,,Cuisine / Œnologie,Chocolats,
Cuisine & Vins,Dégustations & produits,Dégustation de fleurs sauvages ,,,,
Cuisine & Vins,Dégustations & produits,Dégustation de fromages ,,Cuisine / Œnologie,Fromages,
Cuisine & Vins,Dégustations & produits,Dégustation de thé & cérémonies du thé ,,,,
Cuisine & Vins,Dégustations & produits,Dégustation de truffes ,,,,
Cuisine & Vins,Dégustations & produits,Fabrication de beurre, crème & fromage,,,,
Cuisine & Vins,Pâtisserie,Biscuits & macarons,,Cuisine / Œnologie,Pâtisserie / Boulangerie,
Cuisine & Vins,Pâtisserie,Bonbons & confiserie,,,,
Cuisine & Vins,Pâtisserie,Cakes & pains d'épices,,,,
Cuisine & Vins,Pâtisserie,Chocolat ,,,,
Cuisine & Vins,Pâtisserie,Confitures,,,,
Cuisine & Vins,Pâtisserie,Crêpes, galettes & gaufres,,,,
Cuisine & Vins,Pâtisserie,Gâteaux & tartes,,,,
Cuisine & Vins,Pâtisserie,Glaces & crèmes,,,,
Cuisine & Vins,Pâtisserie,Nougatine, caramel & sucres d'art,,,,
Cuisine & Vins,Pâtisserie,Pain, brioches & viennoiseries ,,,,
Cuisine & Vins,Pâtisserie,Pâtisseries orientales,,,,
Cuisine & Vins,Pâtisserie,Pâtisseries variées,,,,
Cuisine & Vins,Vin & alcools,Balades œnologiques ,,,,
Cuisine & Vins,Vin & alcools,Cocktails & apéro,,Cuisine / Œnologie,Cocktails / Apéro,
Cuisine & Vins,Vin & alcools,Dégustation de bières & cidres,,Cuisine / Œnologie,Bières,
Cuisine & Vins,Vin & alcools,Dégustation de cognacs, armagnacs & eaux-de-vie ,,,,
Cuisine & Vins,Vins & alcools,Dégustation de vins ,,Cuisine / Œnologie,Vins,
Cuisine & Vins,Vin & alcools,Dégustation de whiskies,,,,
Cuisine & Vins,Vin & alcools,Œnologie,,,,
Cuisine & Vins,Vin & alcools,Champagne,,Cuisine / Œnologie,Champagne,
Cuisine & Vins,Vins & alcools,Vins & mets / chocolats,,Cuisine / Œnologie,Vins & mets / chocolats,
Déco & Bricolage,Bricolage,Bases du bricolage ,,,,
Déco & Bricolage,Bricolage,Dépannage & réparations,,,,
Déco & Bricolage,Bricolage,Electricité,,,,
Déco & Bricolage,Bricolage,Maçonnerie,,,,
Déco & Bricolage,Bricolage,Menuiserie ,,,,
Déco & Bricolage,Bricolage,Métal & soudure,,,,
Déco & Bricolage,Bricolage,Peintures de surface,,,,
Déco & Bricolage,Bricolage,Plomberie,,,,
Déco & Bricolage,Décoration,Architecture & aménagements ,,,,
Déco & Bricolage,Décoration,Béton ciré & tadelakt,,,,
Déco & Bricolage,Décoration,Décoration d'intérieur ,,,,
Déco & Bricolage,Décoration,Ferronnerie d'art,,,,
Déco & Bricolage,Décoration,Patines à l'ancienne ,,,,
Déco & Bricolage,Décoration,Peintures murales, stucs & enduits ,,,,
Déco & Bricolage,Décoration,Restauration de meubles & recyclage,,Insolite,Recyclage,
Déco & Bricolage,Ecoconstruction,Ecochantiers participatifs ,,,,
Déco & Bricolage,Ecoconstruction,Energies renouvelables ,,,,
Déco & Bricolage,Ecoconstruction,Initiation à l'écoconstruction ,,,,
Déco & Bricolage,Ecoconstruction,Isolation naturelle ,,,,
Déco & Bricolage,Ecoconstruction,Maisons & cabanes en bois,,,,
Déco & Bricolage,Ecoconstruction,Maisons en bottes de paille,,,,
Déco & Bricolage,Ecoconstruction,Pierre & chaux ,,,,
Déco & Bricolage,Ecoconstruction,Pisé, bauge & terre ,,,,
Déco & Bricolage,Ecoconstruction,Récupération eau & épuration,,,,
Déco & Bricolage,Ecoconstruction,Toitures végétales,,,,
Déco & Bricolage,Ecoconstruction,Yourtes,,,,
Déco & Bricolage,Feng Shui & déco,Feng Shui & déco,,,,
Sports,Arts martiaux & sports de combat,Aïkido ,,Sport,Combat / Arts martiaux,
Sports,Arts martiaux & sports de combat,Boxe américaine & full-contact,,,,
Sports,Arts martiaux & sports de combat,Boxe anglaise,,,,
Sports,Arts martiaux & sports de combat,Boxe française,,,,
Sports,Arts martiaux & sports de combat,Boxe thaïlandaise ,,,,
Sports,Arts martiaux & sports de combat,Capoeira ,,,,
Sports,Arts martiaux & sports de combat,Close combat,,,,
Sports,Arts martiaux & sports de combat,Combat médiéval,,,,
Sports,Arts martiaux & sports de combat,Da Cheng Quan,,,,
Sports,Arts martiaux & sports de combat,Goshin & Yoseikan Budo,,,,
Sports,Arts martiaux & sports de combat,Jeet Kune Do,,,,
Sports,Arts martiaux & sports de combat,Jiu-jitsu,,,,
Sports,Arts martiaux & sports de combat,Jiu-Jitsu brésilien,,,,
Sports,Arts martiaux & sports de combat,Judo ,,,,
Sports,Arts martiaux & sports de combat,Karaté ,,,,
Sports,Arts martiaux & sports de combat,Kendo,,,,
Sports,Arts martiaux & sports de combat,Kickboxing,,,,
Sports,Arts martiaux & sports de combat,Krav-maga ,,,,
Sports,Arts martiaux & sports de combat,Kung-fu ,,,,
Sports,Arts martiaux & sports de combat,Lutte,,,,
Sports,Arts martiaux & sports de combat,Moring,,,,
Sports,Arts martiaux & sports de combat,Ninjutsu,,,,
Sports,Arts martiaux & sports de combat,Self-defence ,,,,
Sports,Arts martiaux & sports de combat,Taekwondo,,,,
Sports,Arts martiaux & sports de combat,Taiki ken,,,,
Sports,Arts martiaux & sports de combat,Viet Vo Dao ,,,,
Sports,Arts martiaux & sports de combat,Wing Tsun,,,,
Sports,Arts martiaux & sports de combat,Wushu & sanda,,,,
Sports,Automobile & sports mécaniques,4x4 & tout-terrain ,,,,
Sports,Automobile & sports mécaniques,Automobile ,,,,
Sports,Automobile & sports mécaniques,Conduite sur neige et glace ,,,,
Sports,Automobile & sports mécaniques,Drift & glisse ,,,,
Sports,Automobile & sports mécaniques,Formule 1, Formule 3 & monoplace ,,,,
Sports,Automobile & sports mécaniques,Karting ,,,,
Sports,Automobile & sports mécaniques,Moto ,,,,
Sports,Automobile & sports mécaniques,Motocross & trial ,,,,
Sports,Automobile & sports mécaniques,Pilotage de locomotive,,,,
Sports,Automobile & sports mécaniques,Quad & buggy ,,,,
Sports,Automobile & sports mécaniques,Sécurité & règles de conduite ,,,,
Sports,Automobile & sports mécaniques,Permis à points,,,,
Sports,Avion & sports aéronautiques,Aéromodélisme,,,,
Sports,Avion & sports aéronautiques,Aérophobie,,,,
Sports,Avion & sports aéronautiques,Avion ,,,,
Sports,Avion & sports aéronautiques,Brevet & licence de pilotage d'avion ,,,,
Sports,Avion & sports aéronautiques,Deltaplane,,,,
Sports,Avion & sports aéronautiques,Hélicoptère ,,,,
Sports,Avion & sports aéronautiques,Montgolfière & ballon ,,,,
Sports,Avion & sports aéronautiques,Parachutisme & chute libre ,,,,
Sports,Avion & sports aéronautiques,Parapente & paramoteur ,,,,
Sports,Avion & sports aéronautiques,Planeur ,,,,
Sports,Avion & sports aéronautiques,ULM ,,,,
Sports,Avion & sports aéronautiques,Voltige,,,,
Sports,Chasse & Pêche,Chasse à courre,,,,
Sports,Chasse & Pêche,Chasse à l'arc & arbalète ,,,,
Sports,Chasse & Pêche,Chasse au fusil ,,,,
Sports,Chasse & Pêche,Chasse au gros ,,,,
Sports,Chasse & Pêche,Chasse sous-marine,,,,
Sports,Chasse & Pêche,Fauconnerie ,,,,
Sports,Chasse & Pêche,Gibier d'eau ,,,,
Sports,Chasse & Pêche,Pêche à la mouche ,,,,
Sports,Chasse & Pêche,Pêche à pied ,,,,
Sports,Chasse & Pêche,Pêche au gros ,,,,
Sports,Chasse & Pêche,Pêche blanche,,,,
Sports,Chasse & Pêche,Pêche en eau douce ,,,,
Sports,Chasse & Pêche,Pêche en mer ,,,,
Sports,Chasse & Pêche,Découverte de la chasse,,,,
Sports,Chasse & Pêche,Découverte de la pèche,,,,
Sports,Course à pied,Course à pied, running & marathon ,,,,
Sports,Course à pied,Triathlon,,,,
Sports,Equitation,Attelage ,,,,
Sports,Equitation,Concours équestre complet ,,,,
Sports,Equitation,Débourrage de chevaux ,,,,
Sports,Equitation,Découverte équestre & initiation ,,,,
Sports,Equitation,Dressage équestre ,,,,
Sports,Equitation,Endurance équestre ,,,,
Sports,Equitation,Equitation camarguaise ,,,,
Sports,Equitation,Ethologie équine ,,,,
Sports,Equitation,Ferrure de chevaux,,,,
Sports,Equitation,Horse-ball ,,,,
Sports,Equitation,Perfectionnement équestre ,,,,
Sports,Equitation,Polo,,,,
Sports,Equitation,Poney ,,,,
Sports,Equitation,Ranch ,,,,
Sports,Equitation,Randonnée équestre ,,,,
Sports,Equitation,Saut d'obstacles ,,,,
Sports,Equitation,Trec ,,,,
Sports,Equitation,Voltige équestre,,,,
Sports,Golf,Golf tous niveaux ,,,,
Sports,Golf,Swin golf,,,,
Sports,Gymnastique,Aérobic, fitness & danse fitness,,Relaxation / Fitness,Danse Fitness / Fitness,
Sports,Gymnastique,Coaching sportif & gym ,,,,
Sports,Gymnastique,Gymnastique acrobatique & trampoline,,Sport,Gym,
Sports,Gymnastique,Gymnastique douce, stretching & étirements,,Sport,Etirements,
Sports,Gymnastique,Gymnastique douce, stretching & étirements,,Relaxation / Fitness,Relaxation / Gym douce,
Sports,Gymnastique,Gymnastique douce, stretching & étirements,,Relaxation / Fitness,Stretching / Etirements,
Sports,Gymnastique,Gymnastique suédoise,,,,
Sports,Gymnastique,Gymnastiques,,,,
Sports,Gymnastique,Renforcement musculaire,,Sport,Renforcement musculaire,
Sports,Handisports,Handisports,,,,
Sports,Montagne,Accrobranche,,,,
Sports,Montagne,Alpinisme ,,,,
Sports,Montagne,Biathlon,,,,
Sports,Montagne,Canyoning ,,,,
Sports,Montagne,Escalade ,,,,
Sports,Montagne,Explorations glacières,,,,
Sports,Montagne,Hydrospeed ,,,,
Sports,Montagne,Marche en montagne ,,,,
Sports,Montagne,Motoneige ,,,,
Sports,Montagne,Rafting ,,,,
Sports,Montagne,Raquettes à neige ,,,,
Sports,Montagne,Ski acrobatique & freestyle ,,,,
Sports,Montagne,Ski alpin ,,,,
Sports,Montagne,Ski de fond ,,,,
Sports,Montagne,Snowboard, Kite & moutainboard ,,,,
Sports,Montagne,Spéléologie ,,,,
Sports,Montagne,Télémark,,,,
Sports,Montagne,Traîneaux à neige ,,,,
Sports,Montagne,Trekking ,,,,
Sports,Montagne,Via ferrata & via cordata,,,,
Sports,Natation,Aquagym ,,Sport,Natation / Aquagym,
Sports,Natation,Aquaphobie,,,,
Sports,Natation,Initiation natation ,,,,
Sports,Natation,Natation synchronisée,,,,
Sports,Natation,Perfectionnement natation,,,,
Sports,Patinage & skate,Hockey sur glace,,,,
Sports,Patinage & skate,Patinage ,,,,
Sports,Patinage & skate,Roller ,,,,
Sports,Patinage & skate,Skate-board,,,,
Sports,Plongée,Apprentissage plongée en piscine,,,,
Sports,Plongée,Plongée en apnée,,,,
Sports,Plongée,Plongée sous glace,,,,
Sports,Plongée,Plongée sous-marine ,,,,
Sports,Plongée,Plongée sur épaves,,,,
Sports,Randonnée,Course d'orientation ,,,,
Sports,Randonnée,Marche nordique ,,,,
Sports,Randonnée,Randonnée avec âne ,,,,
Sports,Randonnée,Randonnée chamelière ,,,,
Sports,Randonnée,Randonnée pédestre,,,,
Sports,Sports collectifs,Sports collectifs,,,,
Sports,Sports collectifs,Base-ball,,,,
Sports,Sports collectifs,Basket-ball ,,,,
Sports,Sports collectifs,Beach volley,,,,
Sports,Sports collectifs,Football ,,,,
Sports,Sports collectifs,Handball ,,,,
Sports,Sports collectifs,Rugby ,,,,
Sports,Sports collectifs,Volley-ball,,,,
Sports,Sports d'adresse,Billard,,,,
Sports,Sports d'adresse,Bowling,,,,
Sports,Sports d'adresse,Escrime ,,Sport,Escrime,
Sports,Sports d'adresse,Pétanque,,,,
Sports,Sports d'adresse,Tir à l'arc ,,Sport,Tir à l'arc,
Sports,Sports d'adresse,Tir sportif ,,,,
Sports,Sports de raquette,Badminton ,,,,
Sports,Sports de raquette,Ping-pong / tennis de table,,Sport,Tennis de table,
Sports,Sports de raquette,Squash ,,,,
Sports,Sports de raquette,Tennis,,,,
Sports,Sports extrêmes et insolites,Saut à l'élastique,,,,
Sports,Sports extrêmes et insolites,Sky Fly,,,,
Sports,Sports extrêmes et insolites,Speed riding & woopy jump,,,,
Sports,Sports extrêmes et insolites,Sports insolites ,,,,
Sports,Sports extrêmes et insolites,Trampoline,,,,
Sports,Sports nautiques,Sports nautiques,,,,
Sports,Sports nautiques,Aviron,,,,
Sports,Sports nautiques,Canoë-kayak ,,,,
Sports,Sports nautiques,Catamaran ,,,,
Sports,Sports nautiques,Cerf-volant,,,,
Sports,Sports nautiques,Char à voile ,,,,
Sports,Sports nautiques,Croisières ,,,,
Sports,Sports nautiques,Dériveur & voile légère ,,,,
Sports,Sports nautiques,Frisbee & ultimate,,,,
Sports,Sports nautiques,Jet-ski & scooter des mers ,,,,
Sports,Sports nautiques,Kayak de mer ,,,,
Sports,Sports nautiques,Kitesurf ,,,,
Sports,Sports nautiques,Offshore,,,,
Sports,Sports nautiques,Permis bateau ,,,,
Sports,Sports nautiques,Planche à voile ,,,,
Sports,Sports nautiques,Ski nautique ,,,,
Sports,Sports nautiques,Sports nautiques à moteur,,,,
Sports,Sports nautiques,Surf & bodyboard ,,,,
Sports,Sports nautiques,Voilier ,,,,
Sports,Sports nautiques,Wake,,,,
Sports,Sports nautiques,Yachting,,,,
Sports,Vélo & VTT,Balades & randonnées à vélo ,,,,
Sports,Vélo & VTT,Cross, free ride & BMX ,,,,
Sports,Vélo & VTT,Entraînement sportif vélo & VTT ,,,,
Sports,Vélo & VTT,Réparation & entretien vélo et VTT,,,,
Dév. Personnel,Astrologie & numérologie,Astrologie ,,,,
Dév. Personnel,Astrologie & numérologie,Numérologie,,,,
Dév. Personnel,Coaching,Coaching professionnel ,,,,
Dév. Personnel,Coaching,Life coaching,,,,
Dév. Personnel,Communication,Communication,,,,
Dév. Personnel,Communication,Bégaiement,,,,
Dév. Personnel,Communication,Diction,,,,
Dév. Personnel,Communication,Travail de la voix,,,,
Dév. Personnel,Ennéagramme,Ennéagramme,,,,
Dév. Personnel,Estime de soi & confiance,Confiance en soi & estime de soi ,,,,
Dév. Personnel,Gestion des dépendances,Gestion des dépendances,,,,
Dév. Personnel,Gestion des peurs et phobies,Gestion des peurs et phobies,,,,
Dév. Personnel,Gestion du stress,Gestion du stress,,,,
Dév. Personnel,Hypnose,Hypnose,,,,
Dév. Personnel,Parler en public,Parler en public,,Développement personnel,Expression / Prise de parole en public,
Dév. Personnel,Pensée positive,Pensée positive et créatrice,,,,
Dév. Personnel,PNL,PNL (programmation neurolinguistique),,,,
Dév. Personnel,Psychothérapies,Constellations familiales ,,,,
Dév. Personnel,Psychothérapies,Gestalt-Therapy ,,,,
Dév. Personnel,Psychothérapies,Psychogénéalogie ,,,,
Dév. Personnel,Psychothérapies,Rebirth,,,,
Dév. Personnel,Psychothérapies,Rêve éveillé / libre & dirigé ,,,,
Dév. Personnel,Psychothérapies,Thérapies de couple & familiales ,,,,
Dév. Personnel,Psychothérapies,Thérapies individuelles diverses,,,,
Dév. Personnel,Rencontres,Coaching rencontre,,,,
Dév. Personnel,Rencontres,Rencontres à thème,,,,
Dév. Personnel,Rire & Clown,Ecoles de rire,,Développement personnel,Cours de rire,
Dév. Personnel,Rire & Clown,Clown,,,,
Dév. Personnel,Savoir-vivre,Art de recevoir ,,,,
Dév. Personnel,Savoir-vivre,Bonnes manières,,,,
Dév. Personnel,Sophrologie,Sophrologie,,,,
Dév. Personnel,Spiritualités,Bouddhisme & Zen ,,,,
Dév. Personnel,Spiritualités,Chamanisme ,,,,
Dév. Personnel,Spiritualités,Christianisme ,,,,
Dév. Personnel,Spiritualités,Druides & druidisme ,,,,
Dév. Personnel,Spiritualités,Islamisme & soufisme,,,,
Dév. Personnel,Spiritualités,Judaïsme,,,,
Dév. Personnel,Spiritualités,Méditation & silence ,,,,
Dév. Personnel,Spiritualités,Psycho-spiritualité ,,,,
Dév. Personnel,Spiritualités,Rites amérindiens,,,,
Dév. Personnel,Spiritualités,Spiritualités indiennes & Ayurveda,,,,
Dév. Personnel,Spiritualités,Tao & métaphysique chinoise,,,,
Dév. Personnel,Tarots & tirages,Chiromancie,,,,
Dév. Personnel,Tarots & tirages,Runes,,,,
Dév. Personnel,Tarots & tirages,Tarots divinatoires ,,,,
Dév. Personnel,Tarots & tirages,Yi King,,,,
Bien-être & Santé,Acupuncture,Acupuncture,,,,
Bien-être & Santé,Art-thérapie,Art-thérapie écriture ,,,,
Bien-être & Santé,Art-thérapie,Art-thérapie peinture & couleurs ,,,,
Bien-être & Santé,Art-thérapie,Art-thérapie sculpture & modelage ,,,,
Bien-être & Santé,Art-thérapie,Art-thérapie théâtre & corps ,,,,
Bien-être & Santé,Art-thérapie,Art-thérapies ,,,,
Bien-être & Santé,Art-thérapie,Musicothérapie,,,,
Bien-être & Santé,Balnéo & thalasso,Balnéo & thalasso,,,,
Bien-être & Santé,Feng Shui & bien-être,Feng Shui & bien-être,,Arts et Sciences,Santé,
Bien-être & Santé,Géobiologie & magnétisme,Géobiologie & radiesthésie ,,,,
Bien-être & Santé,Géobiologie & magnétisme,Pendule ,,,,
Bien-être & Santé,Géobiologie & magnétisme,Sourciers,,,,
Bien-être & Santé,Grossesse & maternité,Cures jeunes mamans,,,,
Bien-être & Santé,Grossesse & maternité,Haptonomie,,,,
Bien-être & Santé,Grossesse & maternité,Portage bébé ,,,,
Bien-être & Santé,Grossesse & maternité,Préparation à l'accouchement ,,,,
Bien-être & Santé,Grossesse & maternité,Femmes enceintes,,,,
Bien-être & Santé,Grossesse & maternité,Sport & grossesse,,,,
Bien-être & Santé,Jeûne,Cures de jeûne,,,,
Bien-être & Santé,Massage,Automassage ,,,,
Bien-être & Santé,Massage,Massage assis ,,,,
Bien-être & Santé,Massage,Massage aux pierres,,,,
Bien-être & Santé,Massage,Massage ayurvédique ,,,,
Bien-être & Santé,Massage,Massage californien ,,,,
Bien-être & Santé,Massage,Massage chinois ,,,,
Bien-être & Santé,Massage,Massage énergétique ,,,,
Bien-être & Santé,Massage,Massage global & bien-ètre ,,,,
Bien-être & Santé,Massage,Massage holistique,,,,
Bien-être & Santé,Massage,Massage pour sportifs,,,,
Bien-être & Santé,Massage,Massage sensitif ,,,,
Bien-être & Santé,Massage,Massage suédois ,,,,
Bien-être & Santé,Massage,Massage thaïlandais ,,,,
Bien-être & Santé,Massage,Massage tibétain,,,,
Bien-être & Santé,Massage,Massages dos & jambes,,,,
Bien-être & Santé,Massage,Massages pieds & mains,,,,
Bien-être & Santé,Massage,Massages visage & crâne,,,,
Bien-être & Santé,Massage,Tantra,,,,
Bien-être & Santé,Médecines alternatives,Aromathérapie & huiles essentielles ,,,,
Bien-être & Santé,Médecines alternatives,Ayurveda ,,,,
Bien-être & Santé,Médecines alternatives,Biofeedback,,,,
Bien-être & Santé,Médecines alternatives,Chromothérapie,,,,
Bien-être & Santé,Médecines alternatives,Décodage biologique ,,,,
Bien-être & Santé,Médecines alternatives,Fleurs de Bach ,,,,
Bien-être & Santé,Médecines alternatives,Kinésiologie ,,,,
Bien-être & Santé,Médecines alternatives,Lithothérapie & cristaux ,,,,
Bien-être & Santé,Médecines alternatives,Mémoire cellulaire,,,,
Bien-être & Santé,Médecines alternatives,Naturopathie ,,,,
Bien-être & Santé,Médecines alternatives,Phytothérapie & plantes médicinales ,,,,
Bien-être & Santé,Médecines alternatives,Soins par les sons,,,,
Bien-être & Santé,Nutrition,Alimentation & diététique ,,,,
Bien-être & Santé,Nutrition,Diètes & jeûnes ,,,,
Bien-être & Santé,Réflexologie,Réflexologie,,,,
Bien-être & Santé,Reiki,Reiki,,,,
Bien-être & Santé,Reiki,Eutonie,,,,
Bien-être & Santé,Reiki,Eveil corporel ,,,,
Bien-être & Santé,Reiki,Fasciathérapie & MCE (Mouvement Corporel Educatif),,,,
Bien-être & Santé,Reiki,Gymnastique posturale & Mézières ,,,,
Bien-être & Santé,Reiki,Méthode Feldenkrais ,,,,
Bien-être & Santé,Reiki,Relaxation & détente ,,,,
Bien-être & Santé,Reiki,Respiration,,,,
Bien-être & Santé,Relaxation & éveil corporel,Eutonie,,,,
Bien-être & Santé,Relaxation & éveil corporel,Eveil corporel ,,,,
Bien-être & Santé,Relaxation & éveil corporel,Fasciathérapie & MCE (Mouvement Corporel Educatif),,,,
Bien-être & Santé,Relaxation & éveil corporel,Gymnastique posturale & Mézières ,,,,
Bien-être & Santé,Relaxation & éveil corporel,Méthode Feldenkrais ,,,,
Bien-être & Santé,Relaxation & éveil corporel,Relaxation & détente ,,Relaxation / Fitness,Danse relaxation,
Bien-être & Santé,Relaxation & éveil corporel,Respiration,,,,
Bien-être & Santé,Shiatsu & Watsu,Shiatsu ,,,,
Bien-être & Santé,Shiatsu & Watsu,Watsu,,,,
Bien-être & Santé,Tai-chi & Qi gong,Qi Gong ,,,,
Bien-être & Santé,Tai-chi & Qi gong,Tai-chi-chuan,,,,
Bien-être & Santé,Yoga,Yoga & Hatha-Yoga ,,Relaxation / Fitness,Yoga,
Bien-être & Santé,Yoga,Yoga du rire ,,,,
Bien-être & Santé,Yoga,Yoga du son ,,,,
Bien-être & Santé,Yoga,Yoga et randonnée,,,,
Mode & Beauté,Beauté,Ateliers de création de parfums ,,,,
Mode & Beauté,Beauté,Cosmétiques naturels ,,,,
Mode & Beauté,Beauté,Esthétique ,,,,
Mode & Beauté,Beauté,Maquillage,,Arts manuels,Mode / Maquillage,
Mode & Beauté,Création de vêtements,Création d'accessoires, sacs & chapeaux ,,,,
Mode & Beauté,Création de vêtements,Couture et création de vêtements,,,,
Mode & Beauté,Forme & ligne,Coaching sportif ,,,,
Mode & Beauté,Forme & ligne,Pilates ,,Relaxation / Fitness,Pilates,
Mode & Beauté,Forme & ligne,Régime amincissant ,,,,
Mode & Beauté,Forme & ligne,Remise en forme,,,,
Mode & Beauté,Relooking & conseil en image,Relooking,,,,
Mode & Beauté,Savoir plaire,Coaching amoureux ,,,,
Mode & Beauté,Savoir plaire,Effeuillage, cabaret & strip-tease,,,,
Mode & Beauté,Savoir plaire,Séduction,,,,
Photo & Vidéo,Cinéma & vidéo,Approche de la vidéo ,,Arts visuels et plastiques,Cinéma / Animation,
Photo & Vidéo,Cinéma & vidéo,Films d'animation & dessins animés,,,,
Photo & Vidéo,Cinéma & vidéo,Montage vidéo ,,,,
Photo & Vidéo,Cinéma & vidéo,Réalisation films tous formats ,,,,
Photo & Vidéo,Cinéma & vidéo,Technique & analyse de films,,,,
Photo & Vidéo,Photographie,Initiation à la photographie ,,,,
Photo & Vidéo,Photographie,Perfectionnement à la photographie ,,Arts visuels et plastiques,Photo,
Photo & Vidéo,Photographie,Photo de nature & extérieur ,,Arts visuels et plastiques,Vidéo,
Photo & Vidéo,Photographie,Photo noir & blanc ,,,,
Photo & Vidéo,Photographie,Photo studio & portrait ,,,,
Photo & Vidéo,Photographie,Photographie argentique ,,,,
Photo & Vidéo,Photographie,Photographie numérique ,,,,
Photo & Vidéo,Photographie,Voyages photographiques,,,,
Informatique,Bureautique,Bureautique,,,,
Informatique,Infographie & PAO,Infographie,,,,
Informatique,Infographie & PAO,PAO (Publication Assistée par Ordinateur),,,,
Informatique,Initiation à l'informatique,Découverte de l'informatique,,Enseignement,Informatique,
Informatique,Internet,Création de site Internet ,,,,
Informatique,Internet,Initiation & navigation Internet ,,,,
Informatique,Perfectionnement informatique,Perfectionnement informatique,,,,
Informatique,Programmation,Programmation,,,,
Informatique,Travaux sur photo,Travaux sur photo,,,,
Business,Entrepeneuriat,Entrepeneuriat & création d'entreprise,,,,
Business,Gestion,Gestion d'entreprise,,,,
Business,Communication,Communication & relation presse,,,,
Business,Marketing,Techniques de vente & marketing,,,,
Business,Gestion,Finance & comptabilité,,,,
Business,Développement,Comportement & gestion des conflits,,,,
Humanitaire & Solidaire,Ecovolontariat,Bénévolat environnement ,,,,
Humanitaire & Solidaire,Ecovolontariat,Chantiers nature ,,,,
Humanitaire & Solidaire,Gestion associative,Création & gestion d'associations,,,,
Humanitaire & Solidaire,Gestion associative,Droits & lois,,,,
Humanitaire & Solidaire,Gestion associative,Montage d'un projet,,,,
Humanitaire & Solidaire,Secourisme & solidarité,Action sociale & volontariat humanitaire ,,,,
Humanitaire & Solidaire,Secourisme & solidarité,Aide à la personne ,,,,
Humanitaire & Solidaire,Secourisme & solidarité,Alphabétisation,,,,
Humanitaire & Solidaire,Secourisme & solidarité,Ateliers d'insertion sociale,,,,
Humanitaire & Solidaire,Secourisme & solidarité,Formation chiens guides d'aveugle ,,,,
Humanitaire & Solidaire,Secourisme & solidarité,Premiers secours & secours civique ,,,,
Humanitaire & Solidaire,Secourisme & solidarité,Handicap,,,,
Langues & Soutien scolaire,Langue des signes,Langue des signes,,,,
Langues & Soutien scolaire,Langues & séjours linguistiques,Allemand ,,Enseignement,Langues étrangère,
Langues & Soutien scolaire,Langues & séjours linguistiques,Anglais ,,,,
Langues & Soutien scolaire,Langues & séjours linguistiques,Arabe ,,,,
Langues & Soutien scolaire,Langues & séjours linguistiques,Espagnol ,,,,
Langues & Soutien scolaire,Langues & séjours linguistiques,Esperanto ,,,,
Langues & Soutien scolaire,Langues & séjours linguistiques,Hébreu,,,,
Langues & Soutien scolaire,Langues & séjours linguistiques,Italien ,,,,
Langues & Soutien scolaire,Langues & séjours linguistiques,Occitan,,,,
Langues & Soutien scolaire,Langues & séjours linguistiques,Basque,,,,
Langues & Soutien scolaire,Langues & séjours linguistiques,Breton ,,,,
Langues & Soutien scolaire,Langues & séjours linguistiques,Chinois ,,,,
Langues & Soutien scolaire,Langues & séjours linguistiques,Coréen,,,,
Langues & Soutien scolaire,Langues & séjours linguistiques,Corse,,,,
Langues & Soutien scolaire,Langues & séjours linguistiques,Grec ancien,,,,
Langues & Soutien scolaire,Langues & séjours linguistiques,Grec moderne ,,,,
Langues & Soutien scolaire,Langues & séjours linguistiques,Japonais ,,,,
Langues & Soutien scolaire,Langues & séjours linguistiques,Langues indiennes,,,,
Langues & Soutien scolaire,Langues & séjours linguistiques,Latin,,,,
Langues & Soutien scolaire,Langues & séjours linguistiques,Portugais ,,,,
Langues & Soutien scolaire,Langues & séjours linguistiques,Russe ,,,,
Langues & Soutien scolaire,Langues & séjours linguistiques,Suédois,,,,
Langues & Soutien scolaire,Langues & séjours linguistiques,Turc,,,,
Langues & Soutien scolaire,Langues & séjours linguistiques,Ecoles internationales de langues ,,,,
Langues & Soutien scolaire,Langues & séjours linguistiques,FLE (Français Langue Etrangère),,,,
Langues & Soutien scolaire,Langues & séjours linguistiques,Préparation TOEIC-TOEFL,,,,
Langues & Soutien scolaire,Soutien scolaire,Coaching scolaire,,Enseignement,Ecriture,
Langues & Soutien scolaire,Soutien scolaire,Soutien scolaire ,,Enseignement,Soutien scolaire,
Langues & Soutien scolaire,Soutien scolaire,Soutien scolaire ,,Enseignement,Histoire,
Langues & Soutien scolaire,Soutien scolaire,Séjours de soutien scolaire,,,,
Langues & Soutien scolaire,Soutien scolaire,Soutien scolaire à domicile,,,,
Enfants & Ados,Art & bricolage enfants,Art floral & végétal enfants,,,,
Enfants & Ados,Art & bricolage enfants,Bande dessinée & mangas enfants ,,,,
Enfants & Ados,Art & bricolage enfants,Cabanes & menuiserie juniors,,,,
Enfants & Ados,Art & bricolage enfants,Calligraphie enfants ,,,,
Enfants & Ados,Art & bricolage enfants,Couture & tissage enfants ,,,,
Enfants & Ados,Art & bricolage enfants,Création de bijoux enfants ,,,,
Enfants & Ados,Art & bricolage enfants,Création de poupées enfants,,,,
Enfants & Ados,Art & bricolage enfants,Enluminure enfants ,,,,
Enfants & Ados,Art & bricolage enfants,Gravure enfants ,,,,
Enfants & Ados,Art & bricolage enfants,Loisirs créatifs enfants ,,,,
Enfants & Ados,Art & bricolage enfants,Ateliers création & découverte,,Ateliers enfants / duo parent-enfant,Atelier création / Découverte,
Enfants & Ados,Art & bricolage enfants,Ateliers expression enfants,,Ateliers enfants / duo parent-enfant,Atelier expression,
Enfants & Ados,Art & bricolage enfants,Masques & déguisements enfants,,,,
Enfants & Ados,Art & bricolage enfants,Modelage & poterie enfants ,,,,
Enfants & Ados,Art & bricolage enfants,Modélisme & maquettes enfants,,Ateliers enfants / duo parent-enfant,Sport éveil,
Enfants & Ados,Art & bricolage enfants,Papiers & origami juniors ,,Ateliers enfants / duo parent-enfant,Théâtre éveil,
Enfants & Ados,Art & bricolage enfants,Scrapbooking enfants ,,,,
Enfants & Ados,Art & bricolage enfants,Sculpture enfants ,,,,
Enfants & Ados,Art & bricolage enfants,Découverte dessin & peinture juniors ,,Ateliers enfants / duo parent-enfant,Atelier couleur,
Enfants & Ados,Art & bricolage enfants,Dessin enfants ,,,,
Enfants & Ados,Art & bricolage enfants,Peinture enfants ,,,,
Enfants & Ados,Art & bricolage enfants,Vitrail & mosaïque juniors,,,,
Enfants & Ados,Arts martiaux enfants,Aïkido enfants,,,,
Enfants & Ados,Arts martiaux enfants,Boxe & combat enfants ,,,,
Enfants & Ados,Arts martiaux enfants,Capoeira & moring juniors ,,,,
Enfants & Ados,Arts martiaux enfants,Jiu-Jitsu enfants,,,,
Enfants & Ados,Arts martiaux enfants,Judo enfants,,,,
Enfants & Ados,Arts martiaux enfants,Karaté enfants ,,,,
Enfants & Ados,Arts martiaux enfants,Kendo enfants,,,,
Enfants & Ados,Arts martiaux enfants,Kung-fu enfants ,,,,
Enfants & Ados,Arts martiaux enfants,Lutte enfants,,,,
Enfants & Ados,Arts martiaux enfants,Ninjutsu enfants,,,,
Enfants & Ados,Arts martiaux enfants,Qi Gong enfants ,,,,
Enfants & Ados,Arts martiaux enfants,Taekwondo enfants,,,,
Enfants & Ados,Arts martiaux enfants,Tai-chi-chuan enfants ,,,,
Enfants & Ados,Arts martiaux enfants,Viet Vo Dao enfants,,,,
Enfants & Ados,Bébé & nouveaux-nés,Massage des bébés ,,,,
Enfants & Ados,Bébé & nouveaux-nés,Portage des bébés ,,,,
Enfants & Ados,Bébé & nouveaux-nés,Bébés & nouveaux-nés ,,,,
Enfants & Ados,Bébé & nouveaux-nés,Bébés nageurs,,,,
Enfants & Ados,Cirque enfants,Cirque & acrobate enfants ,,,,
Enfants & Ados,Cirque enfants,Jonglerie enfants ,,,,
Enfants & Ados,Cirque enfants,Magie enfants ,,,,
Enfants & Ados,Cirque enfants,Mime enfants ,,,,
Enfants & Ados,Cirque enfants,Sculpture sur ballons enfants,,,,
Enfants & Ados,Cirque enfants,Clown enfants ,,,,
Enfants & Ados,Cirque enfants,Voltige enfants,,,,
Enfants & Ados,Cuisine enfants,Ateliers de cuisine enfants ,,Ateliers enfants / duo parent-enfant,Atelier gourmand,
Enfants & Ados,Cuisine enfants,Dégustation & éveil du goût enfants,,,,
Enfants & Ados,Culture & sciences enfants,Ateliers d'écriture enfants ,,,,
Enfants & Ados,Culture & sciences enfants,Découverte aventure & Far West,,,,
Enfants & Ados,Culture & sciences enfants,Découverte des sciences enfants ,,,,
Enfants & Ados,Culture & sciences enfants,Histoire de l'art enfants,,,,
Enfants & Ados,Culture & sciences enfants,Lecture & contes enfants,,,,
Enfants & Ados,Culture & sciences enfants,Astronomie & météo enfants ,,,,
Enfants & Ados,Culture & sciences enfants,Découverte spirituelle ,,,,
Enfants & Ados,Culture & sciences enfants,Echecs & jeux de stratégie enfants,,,,
Enfants & Ados,Culture & sciences enfants,Patrimoine & archéologie enfants ,,,,
Enfants & Ados,Culture & sciences enfants,Voyages culturels enfants,,,,
Enfants & Ados,Danse enfants,Danse rock & danses de salon enfants ,,,,
Enfants & Ados,Danse enfants,Initiation à la danse enfants ,,Ateliers enfants / duo parent-enfant,Danse éveil,
Enfants & Ados,Danse enfants,Initiation à la danse enfants ,,Danse,Danse petite enfance,
Enfants & Ados,Danse enfants,Samba & danses brésiliennes enfants ,,,,
Enfants & Ados,Danse enfants,Danse orientale enfants ,,,,
Enfants & Ados,Danse enfants,Hip-hop enfants ,,,,
Enfants & Ados,Danse enfants,Salsa enfants ,,,,
Enfants & Ados,Danse enfants,Tango enfants ,,,,
Enfants & Ados,Danse enfants,Corps & mouvements enfants,,,,
Enfants & Ados,Danse enfants,Claquettes enfants ,,,,
Enfants & Ados,Danse enfants,Dance floor enfants,,,,
Enfants & Ados,Danse enfants,Danse africaine enfants ,,,,
Enfants & Ados,Danse enfants,Danse classique enfants ,,,,
Enfants & Ados,Danse enfants,Danse country enfants,,,,
Enfants & Ados,Danse enfants,Danse flamenco enfants ,,,,
Enfants & Ados,Danse enfants,Modern jazz enfants,,,,
Enfants & Ados,Equitation enfants,Attelage enfants ,,,,
Enfants & Ados,Equitation enfants,Concours complet enfants,,,,
Enfants & Ados,Equitation enfants,Découverte équitation & poney enfants ,,,,
Enfants & Ados,Equitation enfants,Dressage équestre enfants ,,,,
Enfants & Ados,Equitation enfants,Equitation camarguaise enfants,,,,
Enfants & Ados,Equitation enfants,Equitation endurance enfants,,,,
Enfants & Ados,Equitation enfants,Ethologie enfants ,,,,
Enfants & Ados,Equitation enfants,Ferrure enfants,,,,
Enfants & Ados,Equitation enfants,Horse-ball & polo enfants ,,,,
Enfants & Ados,Equitation enfants,Perfectionnement équitation enfants ,,,,
Enfants & Ados,Equitation enfants,Randonnée équestre enfants ,,,,
Enfants & Ados,Equitation enfants,Saut d'obstacles enfants ,,,,
Enfants & Ados,Equitation enfants,Trec enfants ,,,,
Enfants & Ados,Equitation enfants,Voltige équestre enfants,,,,
Enfants & Ados,Golf enfants,Golf tous niveaux enfants ,,,,
Enfants & Ados,Golf enfants,Swin golf enfants,,,,
Enfants & Ados,Gymnastique enfants,Gymnastique acrobatique & trampoline enfants,,,,
Enfants & Ados,Gymnastique enfants,Gymnastique douce & relaxation enfants,,,,
Enfants & Ados,Gymnastique enfants,Gymnastique enfants ,,,,
Enfants & Ados,Gymnastique enfants,Yoga enfants,,,,
Enfants & Ados,Montagne enfants,Accrobranche enfants,,,,
Enfants & Ados,Montagne enfants,Canyoning enfants ,,,,
Enfants & Ados,Montagne enfants,Découverte de l'escalade enfants ,,,,
Enfants & Ados,Montagne enfants,Hydrospeed enfants,,,,
Enfants & Ados,Montagne enfants,Initiation à l'alpinisme enfants ,,,,
Enfants & Ados,Montagne enfants,Motoneige enfants,,,,
Enfants & Ados,Montagne enfants,Rafting enfants ,,,,
Enfants & Ados,Montagne enfants,Randonnée en montagne enfants ,,,,
Enfants & Ados,Montagne enfants,Raquettes à neige enfants ,,,,
Enfants & Ados,Montagne enfants,Ski acrobatique juniors,,,,
Enfants & Ados,Montagne enfants,Ski alpin enfants ,,,,
Enfants & Ados,Montagne enfants,Ski de fond enfants ,,,,
Enfants & Ados,Montagne enfants,Snowboard, kite & mountainboard enfants,,,,
Enfants & Ados,Montagne enfants,Spéléologie enfants,,,,
Enfants & Ados,Montagne enfants,Télémark enfants,,,,
Enfants & Ados,Montagne enfants,Traîneaux à neige enfants ,,,,
Enfants & Ados,Montagne enfants,Trekking enfants,,,,
Enfants & Ados,Montagne enfants,Via ferrata & via cordata enfants,,,,
Enfants & Ados,Musique enfants,Ecoles et conservatoires de musique ,,,,
Enfants & Ados,Musique enfants,Chant pour petits rossignols ,,,,
Enfants & Ados,Musique enfants,Musiques du monde pour nos bambins ,,Ateliers enfants / duo parent-enfant,Musique éveil,
Enfants & Ados,Musique enfants,Pour apprendre à jouer d'un instrument,,Musique / Instruments,Musique petite enfance,
Enfants & Ados,Natation enfants,Initiation natation enfants ,,,,
Enfants & Ados,Natation enfants,Natation synchronisée enfants,,,,
Enfants & Ados,Natation enfants,Perfectionnement natation enfants,,,,
Enfants & Ados,Nature enfants,Découverte bois & forêt enfants,,,,
Enfants & Ados,Nature enfants,Découverte des chiens enfants ,,,,
Enfants & Ados,Nature enfants,Découverte désert & steppe enfants,,,,
Enfants & Ados,Nature enfants,Découverte insectes & papillons enfants,,,,
Enfants & Ados,Nature enfants,Découverte mer & océans enfants ,,,,
Enfants & Ados,Nature enfants,Découverte oiseaux enfants ,,,,
Enfants & Ados,Nature enfants,Découverte reptiles & batraciens enfants,,,,
Enfants & Ados,Nature enfants,Découverte rivière & mare enfants ,,,,
Enfants & Ados,Nature enfants,Découvertes animaux sauvages enfants ,,,,
Enfants & Ados,Nature enfants,Découvertes fleurs & botanique enfants ,,,,
Enfants & Ados,Nature enfants,Ecologie & protection de l'environnement juniors ,,,,
Enfants & Ados,Nature enfants,Eveil & découverte de la nature enfants ,,,,
Enfants & Ados,Nature enfants,Fermes de découverte & fermes pédagogiques enfants ,,,,
Enfants & Ados,Nature enfants,Initiation à la fauconnerie enfants,,,,
Enfants & Ados,Nature enfants,Initiation au jardinage enfants ,,,,
Enfants & Ados,Nature enfants,Pêche enfants ,,,,
Enfants & Ados,Nature enfants,Séjours natures enfants,,,,
Enfants & Ados,Nature enfants,Sorties champignons enfants,,,,
Enfants & Ados,Patinage & roller enfants,Hockey sur glace enfants,,,,
Enfants & Ados,Patinage & roller enfants,Patinage sur glace enfants ,,,,
Enfants & Ados,Patinage & roller enfants,Roller enfants,,,,
Enfants & Ados,Patinage & roller enfants,Skate-board enfants,,,,
Enfants & Ados,Pédagogie & parents,Alimentation & nutrition enfants,,,,
Enfants & Ados,Pédagogie & parents,Education des enfants & parents ,,,,
Enfants & Ados,Pédagogie & parents,Eveil des enfants,,,,
Enfants & Ados,Photo & multimédia enfants,Initiation à la photo enfants ,,,,
Enfants & Ados,Photo & multimédia enfants,Initiation cinéma & vidéo enfants ,,,,
Enfants & Ados,Photo & multimédia enfants,Initiation informatique enfants,,,,
Enfants & Ados,Photo & multimédia enfants,Réalisation dessins animés enfants,,,,
Enfants & Ados,Pilotage & karting enfants,Aéromodélisme enfants,,,,
Enfants & Ados,Pilotage & karting enfants,Karting & pilotage enfants ,,,,
Enfants & Ados,Randonnée enfants,Course à pied & running enfants,,,,
Enfants & Ados,Randonnée enfants,Course d'orientation enfants ,,,,
Enfants & Ados,Randonnée enfants,Marche nordique enfants,,,,
Enfants & Ados,Randonnée enfants,Randonnée avec âne enfants ,,,,
Enfants & Ados,Randonnée enfants,Randonnée chamelière enfants,,,,
Enfants & Ados,Randonnée enfants,Randonnée pédestre enfants,,,,
Enfants & Ados,Séjours linguistiques enfants,Allemand enfants ,,,,
Enfants & Ados,Séjours linguistiques enfants,Anglais enfants ,,,,
Enfants & Ados,Séjours linguistiques enfants,Arabe enfants,,,,
Enfants & Ados,Séjours linguistiques enfants,Espagnol enfants ,,,,
Enfants & Ados,Séjours linguistiques enfants,Espéranto enfants ,,,,
Enfants & Ados,Séjours linguistiques enfants,Hébreu enfants,,,,
Enfants & Ados,Séjours linguistiques enfants,Italien enfants ,,,,
Enfants & Ados,Séjours linguistiques enfants,Occitan enfants,,,,
Enfants & Ados,Séjours linguistiques enfants,Basque enfants,,,,
Enfants & Ados,Séjours linguistiques enfants,Breton enfants,,,,
Enfants & Ados,Séjours linguistiques enfants,Chinois enfants ,,,,
Enfants & Ados,Séjours linguistiques enfants,Corse enfants,,,,
Enfants & Ados,Séjours linguistiques enfants,Français langue étrangère enfants ,,,,
Enfants & Ados,Séjours linguistiques enfants,Grec ancien & moderne enfants,,,,
Enfants & Ados,Séjours linguistiques enfants,Japonais enfants ,,,,
Enfants & Ados,Séjours linguistiques enfants,Langue des signes enfants ,,,,
Enfants & Ados,Séjours linguistiques enfants,Langues indiennes,,,,
Enfants & Ados,Séjours linguistiques enfants,Latin enfants,,,,
Enfants & Ados,Séjours linguistiques enfants,Portugais enfants,,,,
Enfants & Ados,Séjours linguistiques enfants,Russe enfants ,,,,
Enfants & Ados,Séjours linguistiques enfants,Suédois enfants,,,,
Enfants & Ados,Séjours linguistiques enfants,Turc enfants,,,,
Enfants & Ados,Soutien scolaire enfants,Soutien scolaire toutes disciplines,,,,
Enfants & Ados,Sports collectifs juniors,Base-ball enfants,,,,
Enfants & Ados,Sports collectifs juniors,Basket-ball enfants ,,,,
Enfants & Ados,Sports collectifs juniors,Football enfants ,,,,
Enfants & Ados,Sports collectifs juniors,Handball enfants ,,,,
Enfants & Ados,Sports collectifs juniors,Rugby enfants ,,,,
Enfants & Ados,Sports collectifs juniors,Volley-ball enfants,,,,
Enfants & Ados,Sports d'adresse juniors,Biathlon enfants,,,,
Enfants & Ados,Sports d'adresse juniors,Billard junior,,,,
Enfants & Ados,Sports d'adresse juniors,Escrime enfants ,,,,
Enfants & Ados,Sports d'adresse juniors,Pétanque enfants,,,,
Enfants & Ados,Sports d'adresse juniors,Tir à l'arc enfants ,,,,
Enfants & Ados,Sports d'adresse juniors,Tir sportif enfants,,,,
Enfants & Ados,Sports nautiques juniors,Aviron enfants,,,,
Enfants & Ados,Sports nautiques juniors,Canoë-kayak enfants ,,,,
Enfants & Ados,Sports nautiques juniors,Catamaran enfants ,,,,
Enfants & Ados,Sports nautiques juniors,Cerf-volant enfants,,,,
Enfants & Ados,Sports nautiques juniors,Char à voile enfants ,,,,
Enfants & Ados,Sports nautiques juniors,Frisbee & ultimate enfants,,,,
Enfants & Ados,Sports nautiques juniors,Kayak de mer enfants ,,,,
Enfants & Ados,Sports nautiques juniors,Kitesurf enfants,,,,
Enfants & Ados,Sports nautiques juniors,Planche à voile enfants ,,,,
Enfants & Ados,Sports nautiques juniors,Plongée enfants ,,,,
Enfants & Ados,Sports nautiques juniors,Ski nautique enfants,,,,
Enfants & Ados,Sports nautiques juniors,Surf & bodyboard enfants ,,,,
Enfants & Ados,Sports nautiques juniors,Voile légère de loisir enfants ,,,,
Enfants & Ados,Sports nautiques juniors,Voilier ados,,,,
Enfants & Ados,Sports de raquette enfants,Badminton enfants ,,,,
Enfants & Ados,Sports de raquette enfants,Ping-pong enfants ,,,,
Enfants & Ados,Sports de raquette enfants,Squash enfants ,,,,
Enfants & Ados,Sports de raquette enfants,Tennis enfants,,,,
Enfants & Ados,Théâtre enfants,Art dramatique enfants ,,,,
Enfants & Ados,Théâtre enfants,Atelier d'écriture théâtrale enfants,,,,
Enfants & Ados,Théâtre enfants,Improvisation théâtrale enfants ,,,,
Enfants & Ados,Théâtre enfants,Initiation au théâtre enfants ,,Arts du spectacle,Spectacle petite enfance,
Enfants & Ados,Théâtre enfants,Conteurs & conteuses enfants ,,,,
Enfants & Ados,Théâtre enfants,Costumes et décors enfants,,,,
Enfants & Ados,Théâtre enfants,Marionnettes enfants,,,,
Enfants & Ados,Théâtre enfants,Théâtre de rue enfants,,,,
Enfants & Ados,Vélo & VTT juniors,Balades vélo & VTT enfants ,,,,
Enfants & Ados,Vélo & VTT juniors,Cross, free ride & BMX enfants,,,,
Enfants & Ados,Vélo & VTT juniors,Entraînement sportif vélo & VTT enfants,,,,
Insolite,In English please!,Cours en anglais,,Insolite,In English please!,
Insolite,Inclassables,Inclassables,,Insolite,Inclassables,
Insolite,Monde,Découverte d'ailleurs,,Insolite,Monde,
,,,,,,
,,,,,,
,,,,,,
,,,,,,
,,,,,,
,,,,,,
,,,,,,
